row_id,issue,severity,suggested_fix
1,Missing provider,medium,Infer from URL or text content
2,Missing provider,medium,Infer from URL or text content
3,Missing provider,medium,Infer from URL or text content
4,Missing provider,medium,Infer from URL or text content
5,Missing provider,medium,Infer from URL or text content
6,Missing provider,medium,Infer from URL or text content
7,Missing provider,medium,Infer from URL or text content
9,Missing provider,medium,Infer from URL or text content
10,Missing provider,medium,Infer from URL or text content
11,Missing provider,medium,Infer from URL or text content
13,Missing provider,medium,Infer from URL or text content
14,Missing provider,medium,Infer from URL or text content
15,Missing provider,medium,Infer from URL or text content
16,Missing provider,medium,Infer from URL or text content
17,Missing provider,medium,Infer from URL or text content
18,Missing provider,medium,Infer from URL or text content
19,Missing provider,medium,Infer from URL or text content
21,Missing provider,medium,Infer from URL or text content
22,Missing provider,medium,Infer from URL or text content
23,Missing provider,medium,Infer from URL or text content
25,Missing provider,medium,Infer from URL or text content
26,Missing provider,medium,Infer from URL or text content
28,Missing provider,medium,Infer from URL or text content
29,Missing provider,medium,Infer from URL or text content
30,Missing provider,medium,Infer from URL or text content
31,Missing provider,medium,Infer from URL or text content
32,Missing provider,medium,Infer from URL or text content
33,Missing provider,medium,Infer from URL or text content
34,Missing provider,medium,Infer from URL or text content
35,Missing provider,medium,Infer from URL or text content
36,Missing provider,medium,Infer from URL or text content
37,Missing provider,medium,Infer from URL or text content
38,Missing provider,medium,Infer from URL or text content
39,Missing provider,medium,Infer from URL or text content
40,Missing provider,medium,Infer from URL or text content
41,Missing provider,medium,Infer from URL or text content
42,Missing provider,medium,Infer from URL or text content
43,Missing provider,medium,Infer from URL or text content
44,Missing provider,medium,Infer from URL or text content
45,Missing provider,medium,Infer from URL or text content
46,Missing provider,medium,Infer from URL or text content
47,Missing provider,medium,Infer from URL or text content
48,Missing provider,medium,Infer from URL or text content
49,Missing provider,medium,Infer from URL or text content
50,Missing provider,medium,Infer from URL or text content
51,Missing provider,medium,Infer from URL or text content
52,Missing provider,medium,Infer from URL or text content
53,Missing provider,medium,Infer from URL or text content
54,Missing provider,medium,Infer from URL or text content
55,Missing provider,medium,Infer from URL or text content
56,Missing provider,medium,Infer from URL or text content
57,Missing provider,medium,Infer from URL or text content
58,Missing provider,medium,Infer from URL or text content
59,Missing provider,medium,Infer from URL or text content
60,Missing provider,medium,Infer from URL or text content
61,Missing provider,medium,Infer from URL or text content
62,Missing provider,medium,Infer from URL or text content
63,Missing provider,medium,Infer from URL or text content
64,Missing provider,medium,Infer from URL or text content
65,Missing provider,medium,Infer from URL or text content
66,Missing provider,medium,Infer from URL or text content
67,Missing provider,medium,Infer from URL or text content
68,Missing provider,medium,Infer from URL or text content
69,Missing provider,medium,Infer from URL or text content
70,Missing provider,medium,Infer from URL or text content
71,Missing provider,medium,Infer from URL or text content
72,Missing provider,medium,Infer from URL or text content
73,Missing provider,medium,Infer from URL or text content
74,Missing provider,medium,Infer from URL or text content
75,Missing provider,medium,Infer from URL or text content
76,Missing provider,medium,Infer from URL or text content
77,Missing provider,medium,Infer from URL or text content
78,Missing provider,medium,Infer from URL or text content
80,Missing provider,medium,Infer from URL or text content
81,Missing provider,medium,Infer from URL or text content
82,Missing provider,medium,Infer from URL or text content
83,Missing provider,medium,Infer from URL or text content
84,Missing provider,medium,Infer from URL or text content
85,Missing provider,medium,Infer from URL or text content
86,Missing provider,medium,Infer from URL or text content
87,Missing provider,medium,Infer from URL or text content
88,Missing provider,medium,Infer from URL or text content
89,Missing provider,medium,Infer from URL or text content
91,Missing provider,medium,Infer from URL or text content
92,Missing provider,medium,Infer from URL or text content
93,Missing provider,medium,Infer from URL or text content
94,Missing provider,medium,Infer from URL or text content
95,Missing provider,medium,Infer from URL or text content
96,Missing provider,medium,Infer from URL or text content
97,Missing provider,medium,Infer from URL or text content
98,Missing provider,medium,Infer from URL or text content
99,Missing provider,medium,Infer from URL or text content
100,Missing provider,medium,Infer from URL or text content
101,Missing provider,medium,Infer from URL or text content
102,Missing provider,medium,Infer from URL or text content
103,Missing provider,medium,Infer from URL or text content
104,Missing provider,medium,Infer from URL or text content
105,Missing provider,medium,Infer from URL or text content
106,Missing provider,medium,Infer from URL or text content
107,Missing provider,medium,Infer from URL or text content
108,Missing provider,medium,Infer from URL or text content
109,Missing provider,medium,Infer from URL or text content
110,Missing provider,medium,Infer from URL or text content
111,Missing provider,medium,Infer from URL or text content
112,Missing provider,medium,Infer from URL or text content
113,Missing provider,medium,Infer from URL or text content
114,Missing provider,medium,Infer from URL or text content
115,Missing provider,medium,Infer from URL or text content
116,Missing provider,medium,Infer from URL or text content
117,Missing provider,medium,Infer from URL or text content
118,Missing provider,medium,Infer from URL or text content
119,Missing provider,medium,Infer from URL or text content
120,Missing provider,medium,Infer from URL or text content
121,Missing provider,medium,Infer from URL or text content
122,Missing provider,medium,Infer from URL or text content
123,Missing provider,medium,Infer from URL or text content
124,Missing provider,medium,Infer from URL or text content
125,Missing provider,medium,Infer from URL or text content
126,Missing provider,medium,Infer from URL or text content
127,Missing provider,medium,Infer from URL or text content
128,Missing provider,medium,Infer from URL or text content
129,Missing provider,medium,Infer from URL or text content
133,Missing provider,medium,Infer from URL or text content
134,Missing provider,medium,Infer from URL or text content
135,Missing provider,medium,Infer from URL or text content
136,Missing provider,medium,Infer from URL or text content
137,Missing provider,medium,Infer from URL or text content
138,Missing provider,medium,Infer from URL or text content
139,Missing provider,medium,Infer from URL or text content
140,Missing provider,medium,Infer from URL or text content
141,Missing provider,medium,Infer from URL or text content
142,Missing provider,medium,Infer from URL or text content
143,Missing provider,medium,Infer from URL or text content
144,Missing provider,medium,Infer from URL or text content
145,Missing provider,medium,Infer from URL or text content
146,Missing provider,medium,Infer from URL or text content
147,Missing provider,medium,Infer from URL or text content
148,Missing provider,medium,Infer from URL or text content
149,Missing provider,medium,Infer from URL or text content
150,Missing provider,medium,Infer from URL or text content
151,Missing provider,medium,Infer from URL or text content
152,Missing provider,medium,Infer from URL or text content
153,Missing provider,medium,Infer from URL or text content
154,Missing provider,medium,Infer from URL or text content
155,Missing provider,medium,Infer from URL or text content
156,Missing provider,medium,Infer from URL or text content
157,Missing provider,medium,Infer from URL or text content
158,Missing provider,medium,Infer from URL or text content
161,Missing provider,medium,Infer from URL or text content
162,Missing provider,medium,Infer from URL or text content
163,Missing provider,medium,Infer from URL or text content
164,Missing provider,medium,Infer from URL or text content
165,Missing provider,medium,Infer from URL or text content
166,Missing provider,medium,Infer from URL or text content
167,Missing provider,medium,Infer from URL or text content
168,Missing provider,medium,Infer from URL or text content
169,Missing provider,medium,Infer from URL or text content
170,Missing provider,medium,Infer from URL or text content
171,Missing provider,medium,Infer from URL or text content
172,Missing provider,medium,Infer from URL or text content
173,Missing provider,medium,Infer from URL or text content
174,Missing provider,medium,Infer from URL or text content
175,Missing provider,medium,Infer from URL or text content
176,Missing provider,medium,Infer from URL or text content
177,Missing provider,medium,Infer from URL or text content
178,Missing provider,medium,Infer from URL or text content
179,Missing provider,medium,Infer from URL or text content
180,Missing provider,medium,Infer from URL or text content
181,Missing provider,medium,Infer from URL or text content
182,Missing provider,medium,Infer from URL or text content
183,Missing provider,medium,Infer from URL or text content
184,Missing provider,medium,Infer from URL or text content
185,Missing provider,medium,Infer from URL or text content
186,Missing provider,medium,Infer from URL or text content
187,Missing provider,medium,Infer from URL or text content
188,Missing provider,medium,Infer from URL or text content
189,Missing provider,medium,Infer from URL or text content
190,Missing provider,medium,Infer from URL or text content
191,Missing provider,medium,Infer from URL or text content
192,Missing provider,medium,Infer from URL or text content
193,Missing provider,medium,Infer from URL or text content
194,Missing provider,medium,Infer from URL or text content
195,Missing provider,medium,Infer from URL or text content
196,Missing provider,medium,Infer from URL or text content
197,Missing provider,medium,Infer from URL or text content
198,Missing provider,medium,Infer from URL or text content
199,Missing provider,medium,Infer from URL or text content
200,Missing provider,medium,Infer from URL or text content
201,Missing provider,medium,Infer from URL or text content
202,Missing provider,medium,Infer from URL or text content
203,Missing provider,medium,Infer from URL or text content
204,Missing provider,medium,Infer from URL or text content
205,Missing provider,medium,Infer from URL or text content
206,Missing provider,medium,Infer from URL or text content
207,Missing provider,medium,Infer from URL or text content
208,Missing provider,medium,Infer from URL or text content
209,Missing provider,medium,Infer from URL or text content
210,Missing provider,medium,Infer from URL or text content
211,Missing provider,medium,Infer from URL or text content
212,Missing provider,medium,Infer from URL or text content
213,Missing provider,medium,Infer from URL or text content
214,Missing provider,medium,Infer from URL or text content
215,Missing provider,medium,Infer from URL or text content
216,Missing provider,medium,Infer from URL or text content
217,Missing provider,medium,Infer from URL or text content
218,Missing provider,medium,Infer from URL or text content
219,Missing provider,medium,Infer from URL or text content
220,Missing provider,medium,Infer from URL or text content
221,Missing provider,medium,Infer from URL or text content
222,Missing provider,medium,Infer from URL or text content
223,Missing provider,medium,Infer from URL or text content
224,Missing provider,medium,Infer from URL or text content
225,Missing provider,medium,Infer from URL or text content
226,Missing provider,medium,Infer from URL or text content
227,Missing provider,medium,Infer from URL or text content
228,Missing provider,medium,Infer from URL or text content
237,Missing provider,medium,Infer from URL or text content
238,Missing provider,medium,Infer from URL or text content
239,Missing provider,medium,Infer from URL or text content
240,Missing provider,medium,Infer from URL or text content
241,Missing provider,medium,Infer from URL or text content
242,Missing provider,medium,Infer from URL or text content
244,Missing provider,medium,Infer from URL or text content
245,Missing provider,medium,Infer from URL or text content
247,Missing provider,medium,Infer from URL or text content
248,Missing provider,medium,Infer from URL or text content
249,Missing provider,medium,Infer from URL or text content
250,Missing provider,medium,Infer from URL or text content
251,Missing provider,medium,Infer from URL or text content
252,Missing provider,medium,Infer from URL or text content
253,Missing provider,medium,Infer from URL or text content
254,Missing provider,medium,Infer from URL or text content
255,Missing provider,medium,Infer from URL or text content
256,Missing provider,medium,Infer from URL or text content
257,Missing provider,medium,Infer from URL or text content
258,Missing provider,medium,Infer from URL or text content
262,Missing provider,medium,Infer from URL or text content
263,Missing provider,medium,Infer from URL or text content
264,Missing provider,medium,Infer from URL or text content
265,Missing provider,medium,Infer from URL or text content
266,Missing provider,medium,Infer from URL or text content
267,Missing provider,medium,Infer from URL or text content
268,Missing provider,medium,Infer from URL or text content
269,Missing provider,medium,Infer from URL or text content
270,Missing provider,medium,Infer from URL or text content
271,Missing provider,medium,Infer from URL or text content
272,Missing provider,medium,Infer from URL or text content
273,Missing provider,medium,Infer from URL or text content
274,Missing provider,medium,Infer from URL or text content
275,Missing provider,medium,Infer from URL or text content
276,Missing provider,medium,Infer from URL or text content
277,Missing provider,medium,Infer from URL or text content
278,Missing provider,medium,Infer from URL or text content
279,Missing provider,medium,Infer from URL or text content
280,Missing provider,medium,Infer from URL or text content
281,Missing provider,medium,Infer from URL or text content
282,Missing provider,medium,Infer from URL or text content
283,Missing provider,medium,Infer from URL or text content
284,Missing provider,medium,Infer from URL or text content
285,Missing provider,medium,Infer from URL or text content
286,Missing provider,medium,Infer from URL or text content
287,Missing provider,medium,Infer from URL or text content
288,Missing provider,medium,Infer from URL or text content
289,Missing provider,medium,Infer from URL or text content
290,Missing provider,medium,Infer from URL or text content
291,Missing provider,medium,Infer from URL or text content
292,Missing provider,medium,Infer from URL or text content
293,Missing provider,medium,Infer from URL or text content
295,Missing provider,medium,Infer from URL or text content
296,Missing provider,medium,Infer from URL or text content
297,Missing provider,medium,Infer from URL or text content
298,Missing provider,medium,Infer from URL or text content
299,Missing provider,medium,Infer from URL or text content
300,Missing provider,medium,Infer from URL or text content
301,Missing provider,medium,Infer from URL or text content
302,Missing provider,medium,Infer from URL or text content
303,Missing provider,medium,Infer from URL or text content
304,Missing provider,medium,Infer from URL or text content
305,Missing provider,medium,Infer from URL or text content
306,Missing provider,medium,Infer from URL or text content
307,Missing provider,medium,Infer from URL or text content
308,Missing provider,medium,Infer from URL or text content
309,Missing provider,medium,Infer from URL or text content
310,Missing provider,medium,Infer from URL or text content
311,Missing provider,medium,Infer from URL or text content
312,Missing provider,medium,Infer from URL or text content
313,Missing provider,medium,Infer from URL or text content
314,Missing provider,medium,Infer from URL or text content
315,Missing provider,medium,Infer from URL or text content
316,Missing provider,medium,Infer from URL or text content
317,Missing provider,medium,Infer from URL or text content
318,Missing provider,medium,Infer from URL or text content
319,Missing provider,medium,Infer from URL or text content
320,Missing provider,medium,Infer from URL or text content
321,Missing provider,medium,Infer from URL or text content
322,Missing provider,medium,Infer from URL or text content
323,Missing provider,medium,Infer from URL or text content
324,Missing provider,medium,Infer from URL or text content
325,Missing provider,medium,Infer from URL or text content
326,Missing provider,medium,Infer from URL or text content
327,Missing provider,medium,Infer from URL or text content
328,Missing provider,medium,Infer from URL or text content
329,Missing provider,medium,Infer from URL or text content
331,Missing provider,medium,Infer from URL or text content
332,Missing provider,medium,Infer from URL or text content
333,Missing provider,medium,Infer from URL or text content
334,Missing provider,medium,Infer from URL or text content
335,Missing provider,medium,Infer from URL or text content
336,Missing provider,medium,Infer from URL or text content
337,Missing provider,medium,Infer from URL or text content
338,Missing provider,medium,Infer from URL or text content
339,Missing provider,medium,Infer from URL or text content
340,Missing provider,medium,Infer from URL or text content
341,Missing provider,medium,Infer from URL or text content
342,Missing provider,medium,Infer from URL or text content
343,Missing provider,medium,Infer from URL or text content
344,Missing provider,medium,Infer from URL or text content
345,Missing provider,medium,Infer from URL or text content
346,Missing provider,medium,Infer from URL or text content
347,Missing provider,medium,Infer from URL or text content
348,Missing provider,medium,Infer from URL or text content
349,Missing provider,medium,Infer from URL or text content
350,Missing provider,medium,Infer from URL or text content
351,Missing provider,medium,Infer from URL or text content
352,Missing provider,medium,Infer from URL or text content
353,Missing provider,medium,Infer from URL or text content
354,Missing provider,medium,Infer from URL or text content
355,Missing provider,medium,Infer from URL or text content
356,Missing provider,medium,Infer from URL or text content
357,Missing provider,medium,Infer from URL or text content
358,Missing provider,medium,Infer from URL or text content
359,Missing provider,medium,Infer from URL or text content
360,Missing provider,medium,Infer from URL or text content
361,Missing provider,medium,Infer from URL or text content
362,Missing provider,medium,Infer from URL or text content
364,Missing provider,medium,Infer from URL or text content
365,Missing provider,medium,Infer from URL or text content
366,Missing provider,medium,Infer from URL or text content
367,Missing provider,medium,Infer from URL or text content
368,Missing provider,medium,Infer from URL or text content
369,Missing provider,medium,Infer from URL or text content
370,Missing provider,medium,Infer from URL or text content
371,Missing provider,medium,Infer from URL or text content
372,Missing provider,medium,Infer from URL or text content
373,Missing provider,medium,Infer from URL or text content
374,Missing provider,medium,Infer from URL or text content
375,Missing provider,medium,Infer from URL or text content
376,Missing provider,medium,Infer from URL or text content
377,Missing provider,medium,Infer from URL or text content
378,Missing provider,medium,Infer from URL or text content
379,Missing provider,medium,Infer from URL or text content
380,Missing provider,medium,Infer from URL or text content
381,Missing provider,medium,Infer from URL or text content
382,Missing provider,medium,Infer from URL or text content
383,Missing provider,medium,Infer from URL or text content
384,Missing provider,medium,Infer from URL or text content
385,Missing provider,medium,Infer from URL or text content
386,Missing provider,medium,Infer from URL or text content
387,Missing provider,medium,Infer from URL or text content
388,Missing provider,medium,Infer from URL or text content
389,Missing provider,medium,Infer from URL or text content
390,Missing provider,medium,Infer from URL or text content
391,Missing provider,medium,Infer from URL or text content
392,Missing provider,medium,Infer from URL or text content
393,Missing provider,medium,Infer from URL or text content
394,Missing provider,medium,Infer from URL or text content
395,Missing provider,medium,Infer from URL or text content
396,Missing provider,medium,Infer from URL or text content
397,Missing provider,medium,Infer from URL or text content
398,Missing provider,medium,Infer from URL or text content
399,Missing provider,medium,Infer from URL or text content
400,Missing provider,medium,Infer from URL or text content
401,Missing provider,medium,Infer from URL or text content
402,Missing provider,medium,Infer from URL or text content
403,Missing provider,medium,Infer from URL or text content
404,Missing provider,medium,Infer from URL or text content
405,Missing provider,medium,Infer from URL or text content
406,Missing provider,medium,Infer from URL or text content
407,Missing provider,medium,Infer from URL or text content
408,Missing provider,medium,Infer from URL or text content
409,Missing provider,medium,Infer from URL or text content
410,Missing provider,medium,Infer from URL or text content
411,Missing provider,medium,Infer from URL or text content
412,Missing provider,medium,Infer from URL or text content
413,Missing provider,medium,Infer from URL or text content
414,Missing provider,medium,Infer from URL or text content
415,Missing provider,medium,Infer from URL or text content
416,Missing provider,medium,Infer from URL or text content
417,Missing provider,medium,Infer from URL or text content
418,Missing provider,medium,Infer from URL or text content
419,Missing provider,medium,Infer from URL or text content
420,Missing provider,medium,Infer from URL or text content
421,Missing provider,medium,Infer from URL or text content
422,Missing provider,medium,Infer from URL or text content
423,Missing provider,medium,Infer from URL or text content
424,Missing provider,medium,Infer from URL or text content
425,Missing provider,medium,Infer from URL or text content
426,Missing provider,medium,Infer from URL or text content
427,Missing provider,medium,Infer from URL or text content
428,Missing provider,medium,Infer from URL or text content
429,Missing provider,medium,Infer from URL or text content
430,Missing provider,medium,Infer from URL or text content
431,Missing provider,medium,Infer from URL or text content
432,Missing provider,medium,Infer from URL or text content
433,Missing provider,medium,Infer from URL or text content
434,Missing provider,medium,Infer from URL or text content
435,Missing provider,medium,Infer from URL or text content
436,Missing provider,medium,Infer from URL or text content
437,Missing provider,medium,Infer from URL or text content
438,Missing provider,medium,Infer from URL or text content
439,Missing provider,medium,Infer from URL or text content
440,Missing provider,medium,Infer from URL or text content
441,Missing provider,medium,Infer from URL or text content
442,Missing provider,medium,Infer from URL or text content
443,Missing provider,medium,Infer from URL or text content
444,Missing provider,medium,Infer from URL or text content
445,Missing provider,medium,Infer from URL or text content
446,Missing provider,medium,Infer from URL or text content
447,Missing provider,medium,Infer from URL or text content
448,Missing provider,medium,Infer from URL or text content
449,Missing provider,medium,Infer from URL or text content
450,Missing provider,medium,Infer from URL or text content
451,Missing provider,medium,Infer from URL or text content
452,Missing provider,medium,Infer from URL or text content
453,Missing provider,medium,Infer from URL or text content
454,Missing provider,medium,Infer from URL or text content
455,Missing provider,medium,Infer from URL or text content
456,Missing provider,medium,Infer from URL or text content
457,Missing provider,medium,Infer from URL or text content
458,Missing provider,medium,Infer from URL or text content
459,Missing provider,medium,Infer from URL or text content
460,Missing provider,medium,Infer from URL or text content
461,Missing provider,medium,Infer from URL or text content
462,Missing provider,medium,Infer from URL or text content
463,Missing provider,medium,Infer from URL or text content
464,Missing provider,medium,Infer from URL or text content
465,Missing provider,medium,Infer from URL or text content
466,Missing provider,medium,Infer from URL or text content
467,Missing provider,medium,Infer from URL or text content
468,Missing provider,medium,Infer from URL or text content
470,Missing provider,medium,Infer from URL or text content
471,Missing provider,medium,Infer from URL or text content
472,Missing provider,medium,Infer from URL or text content
473,Missing provider,medium,Infer from URL or text content
474,Missing provider,medium,Infer from URL or text content
475,Missing provider,medium,Infer from URL or text content
476,Missing provider,medium,Infer from URL or text content
477,Missing provider,medium,Infer from URL or text content
478,Missing provider,medium,Infer from URL or text content
479,Missing provider,medium,Infer from URL or text content
480,Missing provider,medium,Infer from URL or text content
481,Missing provider,medium,Infer from URL or text content
482,Missing provider,medium,Infer from URL or text content
483,Missing provider,medium,Infer from URL or text content
484,Missing provider,medium,Infer from URL or text content
485,Missing provider,medium,Infer from URL or text content
486,Missing provider,medium,Infer from URL or text content
487,Missing provider,medium,Infer from URL or text content
488,Missing provider,medium,Infer from URL or text content
489,Missing provider,medium,Infer from URL or text content
490,Missing provider,medium,Infer from URL or text content
491,Missing provider,medium,Infer from URL or text content
492,Missing provider,medium,Infer from URL or text content
493,Missing provider,medium,Infer from URL or text content
494,Missing provider,medium,Infer from URL or text content
495,Missing provider,medium,Infer from URL or text content
496,Missing provider,medium,Infer from URL or text content
497,Missing provider,medium,Infer from URL or text content
498,Missing provider,medium,Infer from URL or text content
499,Missing provider,medium,Infer from URL or text content
500,Missing provider,medium,Infer from URL or text content
501,Missing provider,medium,Infer from URL or text content
502,Missing provider,medium,Infer from URL or text content
503,Missing provider,medium,Infer from URL or text content
504,Missing provider,medium,Infer from URL or text content
505,Missing provider,medium,Infer from URL or text content
506,Missing provider,medium,Infer from URL or text content
507,Missing provider,medium,Infer from URL or text content
508,Missing provider,medium,Infer from URL or text content
509,Missing provider,medium,Infer from URL or text content
510,Missing provider,medium,Infer from URL or text content
511,Missing provider,medium,Infer from URL or text content
512,Missing provider,medium,Infer from URL or text content
513,Missing provider,medium,Infer from URL or text content
514,Missing provider,medium,Infer from URL or text content
515,Missing provider,medium,Infer from URL or text content
516,Missing provider,medium,Infer from URL or text content
522,Missing provider,medium,Infer from URL or text content
523,Missing provider,medium,Infer from URL or text content
524,Missing provider,medium,Infer from URL or text content
525,Missing provider,medium,Infer from URL or text content
526,Missing provider,medium,Infer from URL or text content
527,Missing provider,medium,Infer from URL or text content
528,Missing provider,medium,Infer from URL or text content
529,Missing provider,medium,Infer from URL or text content
530,Missing provider,medium,Infer from URL or text content
531,Missing provider,medium,Infer from URL or text content
532,Missing provider,medium,Infer from URL or text content
533,Missing provider,medium,Infer from URL or text content
534,Missing provider,medium,Infer from URL or text content
535,Missing provider,medium,Infer from URL or text content
536,Missing provider,medium,Infer from URL or text content
537,Missing provider,medium,Infer from URL or text content
538,Missing provider,medium,Infer from URL or text content
539,Missing provider,medium,Infer from URL or text content
540,Missing provider,medium,Infer from URL or text content
541,Missing provider,medium,Infer from URL or text content
542,Missing provider,medium,Infer from URL or text content
543,Missing provider,medium,Infer from URL or text content
544,Missing provider,medium,Infer from URL or text content
545,Missing provider,medium,Infer from URL or text content
546,Missing provider,medium,Infer from URL or text content
547,Missing provider,medium,Infer from URL or text content
548,Missing provider,medium,Infer from URL or text content
549,Missing provider,medium,Infer from URL or text content
550,Missing provider,medium,Infer from URL or text content
551,Missing provider,medium,Infer from URL or text content
552,Missing provider,medium,Infer from URL or text content
553,Missing provider,medium,Infer from URL or text content
554,Missing provider,medium,Infer from URL or text content
555,Missing provider,medium,Infer from URL or text content
556,Missing provider,medium,Infer from URL or text content
557,Missing provider,medium,Infer from URL or text content
558,Missing provider,medium,Infer from URL or text content
559,Missing provider,medium,Infer from URL or text content
560,Missing provider,medium,Infer from URL or text content
561,Missing provider,medium,Infer from URL or text content
562,Missing provider,medium,Infer from URL or text content
563,Missing provider,medium,Infer from URL or text content
564,Missing provider,medium,Infer from URL or text content
565,Missing provider,medium,Infer from URL or text content
566,Missing provider,medium,Infer from URL or text content
567,Missing provider,medium,Infer from URL or text content
568,Missing provider,medium,Infer from URL or text content
569,Missing provider,medium,Infer from URL or text content
570,Missing provider,medium,Infer from URL or text content
571,Missing provider,medium,Infer from URL or text content
572,Missing provider,medium,Infer from URL or text content
573,Missing provider,medium,Infer from URL or text content
574,Missing provider,medium,Infer from URL or text content
575,Missing provider,medium,Infer from URL or text content
576,Missing provider,medium,Infer from URL or text content
577,Missing provider,medium,Infer from URL or text content
578,Missing provider,medium,Infer from URL or text content
579,Missing provider,medium,Infer from URL or text content
580,Missing provider,medium,Infer from URL or text content
581,Missing provider,medium,Infer from URL or text content
582,Missing provider,medium,Infer from URL or text content
583,Missing provider,medium,Infer from URL or text content
584,Missing provider,medium,Infer from URL or text content
585,Missing provider,medium,Infer from URL or text content
588,Missing provider,medium,Infer from URL or text content
589,Missing provider,medium,Infer from URL or text content
590,Missing provider,medium,Infer from URL or text content
591,Missing provider,medium,Infer from URL or text content
592,Missing provider,medium,Infer from URL or text content
593,Missing provider,medium,Infer from URL or text content
594,Missing provider,medium,Infer from URL or text content
595,Missing provider,medium,Infer from URL or text content
596,Missing provider,medium,Infer from URL or text content
597,Missing provider,medium,Infer from URL or text content
598,Missing provider,medium,Infer from URL or text content
599,Missing provider,medium,Infer from URL or text content
600,Missing provider,medium,Infer from URL or text content
601,Missing provider,medium,Infer from URL or text content
602,Missing provider,medium,Infer from URL or text content
603,Missing provider,medium,Infer from URL or text content
604,Missing provider,medium,Infer from URL or text content
605,Missing provider,medium,Infer from URL or text content
606,Missing provider,medium,Infer from URL or text content
607,Missing provider,medium,Infer from URL or text content
608,Missing provider,medium,Infer from URL or text content
609,Missing provider,medium,Infer from URL or text content
610,Missing provider,medium,Infer from URL or text content
611,Missing provider,medium,Infer from URL or text content
612,Missing provider,medium,Infer from URL or text content
613,Missing provider,medium,Infer from URL or text content
614,Missing provider,medium,Infer from URL or text content
615,Missing provider,medium,Infer from URL or text content
616,Missing provider,medium,Infer from URL or text content
617,Missing provider,medium,Infer from URL or text content
618,Missing provider,medium,Infer from URL or text content
619,Missing provider,medium,Infer from URL or text content
620,Missing provider,medium,Infer from URL or text content
621,Missing provider,medium,Infer from URL or text content
622,Missing provider,medium,Infer from URL or text content
623,Missing provider,medium,Infer from URL or text content
624,Missing provider,medium,Infer from URL or text content
625,Missing provider,medium,Infer from URL or text content
626,Missing provider,medium,Infer from URL or text content
627,Missing provider,medium,Infer from URL or text content
628,Missing provider,medium,Infer from URL or text content
629,Missing provider,medium,Infer from URL or text content
630,Missing provider,medium,Infer from URL or text content
631,Missing provider,medium,Infer from URL or text content
632,Missing provider,medium,Infer from URL or text content
633,Missing provider,medium,Infer from URL or text content
634,Missing provider,medium,Infer from URL or text content
635,Missing provider,medium,Infer from URL or text content
636,Missing provider,medium,Infer from URL or text content
637,Missing provider,medium,Infer from URL or text content
638,Missing provider,medium,Infer from URL or text content
639,Missing provider,medium,Infer from URL or text content
640,Missing provider,medium,Infer from URL or text content
641,Missing provider,medium,Infer from URL or text content
642,Missing provider,medium,Infer from URL or text content
643,Missing provider,medium,Infer from URL or text content
644,Missing provider,medium,Infer from URL or text content
645,Missing provider,medium,Infer from URL or text content
646,Missing provider,medium,Infer from URL or text content
647,Missing provider,medium,Infer from URL or text content
648,Missing provider,medium,Infer from URL or text content
649,Missing provider,medium,Infer from URL or text content
650,Missing provider,medium,Infer from URL or text content
651,Missing provider,medium,Infer from URL or text content
652,Missing provider,medium,Infer from URL or text content
653,Missing provider,medium,Infer from URL or text content
654,Missing provider,medium,Infer from URL or text content
655,Missing provider,medium,Infer from URL or text content
656,Missing provider,medium,Infer from URL or text content
657,Missing provider,medium,Infer from URL or text content
658,Missing provider,medium,Infer from URL or text content
659,Missing provider,medium,Infer from URL or text content
660,Missing provider,medium,Infer from URL or text content
661,Missing provider,medium,Infer from URL or text content
662,Missing provider,medium,Infer from URL or text content
663,Missing provider,medium,Infer from URL or text content
664,Missing provider,medium,Infer from URL or text content
665,Missing provider,medium,Infer from URL or text content
666,Missing provider,medium,Infer from URL or text content
667,Missing provider,medium,Infer from URL or text content
668,Missing provider,medium,Infer from URL or text content
669,Missing provider,medium,Infer from URL or text content
670,Missing provider,medium,Infer from URL or text content
671,Missing provider,medium,Infer from URL or text content
672,Missing provider,medium,Infer from URL or text content
673,Missing provider,medium,Infer from URL or text content
674,Missing provider,medium,Infer from URL or text content
675,Missing provider,medium,Infer from URL or text content
676,Missing provider,medium,Infer from URL or text content
677,Missing provider,medium,Infer from URL or text content
678,Missing provider,medium,Infer from URL or text content
679,Missing provider,medium,Infer from URL or text content
680,Missing provider,medium,Infer from URL or text content
681,Missing provider,medium,Infer from URL or text content
682,Missing provider,medium,Infer from URL or text content
683,Missing provider,medium,Infer from URL or text content
684,Missing provider,medium,Infer from URL or text content
685,Missing provider,medium,Infer from URL or text content
686,Missing provider,medium,Infer from URL or text content
687,Missing provider,medium,Infer from URL or text content
688,Missing provider,medium,Infer from URL or text content
689,Missing provider,medium,Infer from URL or text content
690,Missing provider,medium,Infer from URL or text content
691,Missing provider,medium,Infer from URL or text content
692,Missing provider,medium,Infer from URL or text content
693,Missing provider,medium,Infer from URL or text content
694,Missing provider,medium,Infer from URL or text content
695,Missing provider,medium,Infer from URL or text content
696,Missing provider,medium,Infer from URL or text content
697,Missing provider,medium,Infer from URL or text content
698,Missing provider,medium,Infer from URL or text content
699,Missing provider,medium,Infer from URL or text content
700,Missing provider,medium,Infer from URL or text content
701,Missing provider,medium,Infer from URL or text content
702,Missing provider,medium,Infer from URL or text content
703,Missing provider,medium,Infer from URL or text content
704,Missing provider,medium,Infer from URL or text content
705,Missing provider,medium,Infer from URL or text content
706,Missing provider,medium,Infer from URL or text content
707,Missing provider,medium,Infer from URL or text content
708,Missing provider,medium,Infer from URL or text content
709,Missing provider,medium,Infer from URL or text content
710,Missing provider,medium,Infer from URL or text content
711,Missing provider,medium,Infer from URL or text content
712,Missing provider,medium,Infer from URL or text content
713,Missing provider,medium,Infer from URL or text content
714,Missing provider,medium,Infer from URL or text content
715,Missing provider,medium,Infer from URL or text content
716,Missing provider,medium,Infer from URL or text content
717,Missing provider,medium,Infer from URL or text content
718,Missing provider,medium,Infer from URL or text content
719,Missing provider,medium,Infer from URL or text content
720,Missing provider,medium,Infer from URL or text content
721,Missing provider,medium,Infer from URL or text content
722,Missing provider,medium,Infer from URL or text content
723,Missing provider,medium,Infer from URL or text content
724,Missing provider,medium,Infer from URL or text content
725,Missing provider,medium,Infer from URL or text content
726,Missing provider,medium,Infer from URL or text content
727,Missing provider,medium,Infer from URL or text content
728,Missing provider,medium,Infer from URL or text content
729,Missing provider,medium,Infer from URL or text content
730,Missing provider,medium,Infer from URL or text content
731,Missing provider,medium,Infer from URL or text content
732,Missing provider,medium,Infer from URL or text content
733,Missing provider,medium,Infer from URL or text content
734,Missing provider,medium,Infer from URL or text content
735,Missing provider,medium,Infer from URL or text content
736,Missing provider,medium,Infer from URL or text content
737,Missing provider,medium,Infer from URL or text content
738,Missing provider,medium,Infer from URL or text content
739,Missing provider,medium,Infer from URL or text content
740,Missing provider,medium,Infer from URL or text content
741,Missing provider,medium,Infer from URL or text content
742,Missing provider,medium,Infer from URL or text content
743,Missing provider,medium,Infer from URL or text content
744,Missing provider,medium,Infer from URL or text content
745,Missing provider,medium,Infer from URL or text content
746,Missing provider,medium,Infer from URL or text content
747,Missing provider,medium,Infer from URL or text content
748,Missing provider,medium,Infer from URL or text content
749,Missing provider,medium,Infer from URL or text content
750,Missing provider,medium,Infer from URL or text content
751,Missing provider,medium,Infer from URL or text content
752,Missing provider,medium,Infer from URL or text content
753,Missing provider,medium,Infer from URL or text content
754,Missing provider,medium,Infer from URL or text content
755,Missing provider,medium,Infer from URL or text content
756,Missing provider,medium,Infer from URL or text content
757,Missing provider,medium,Infer from URL or text content
758,Missing provider,medium,Infer from URL or text content
759,Missing provider,medium,Infer from URL or text content
760,Missing provider,medium,Infer from URL or text content
761,Missing provider,medium,Infer from URL or text content
762,Missing provider,medium,Infer from URL or text content
763,Missing provider,medium,Infer from URL or text content
764,Missing provider,medium,Infer from URL or text content
765,Missing provider,medium,Infer from URL or text content
766,Missing provider,medium,Infer from URL or text content
767,Missing provider,medium,Infer from URL or text content
768,Missing provider,medium,Infer from URL or text content
769,Missing provider,medium,Infer from URL or text content
770,Missing provider,medium,Infer from URL or text content
771,Missing provider,medium,Infer from URL or text content
772,Missing provider,medium,Infer from URL or text content
773,Missing provider,medium,Infer from URL or text content
774,Missing provider,medium,Infer from URL or text content
775,Missing provider,medium,Infer from URL or text content
776,Missing provider,medium,Infer from URL or text content
777,Missing provider,medium,Infer from URL or text content
778,Missing provider,medium,Infer from URL or text content
779,Missing provider,medium,Infer from URL or text content
780,Missing provider,medium,Infer from URL or text content
781,Missing provider,medium,Infer from URL or text content
782,Missing provider,medium,Infer from URL or text content
783,Missing provider,medium,Infer from URL or text content
784,Missing provider,medium,Infer from URL or text content
785,Missing provider,medium,Infer from URL or text content
786,Missing provider,medium,Infer from URL or text content
787,Missing provider,medium,Infer from URL or text content
788,Missing provider,medium,Infer from URL or text content
789,Missing provider,medium,Infer from URL or text content
790,Missing provider,medium,Infer from URL or text content
791,Missing provider,medium,Infer from URL or text content
792,Missing provider,medium,Infer from URL or text content
793,Missing provider,medium,Infer from URL or text content
794,Missing provider,medium,Infer from URL or text content
795,Missing provider,medium,Infer from URL or text content
796,Missing provider,medium,Infer from URL or text content
797,Missing provider,medium,Infer from URL or text content
798,Missing provider,medium,Infer from URL or text content
799,Missing provider,medium,Infer from URL or text content
800,Missing provider,medium,Infer from URL or text content
801,Missing provider,medium,Infer from URL or text content
802,Missing provider,medium,Infer from URL or text content
803,Missing provider,medium,Infer from URL or text content
804,Missing provider,medium,Infer from URL or text content
805,Missing provider,medium,Infer from URL or text content
806,Missing provider,medium,Infer from URL or text content
807,Missing provider,medium,Infer from URL or text content
808,Missing provider,medium,Infer from URL or text content
809,Missing provider,medium,Infer from URL or text content
810,Missing provider,medium,Infer from URL or text content
811,Missing provider,medium,Infer from URL or text content
812,Missing provider,medium,Infer from URL or text content
813,Missing provider,medium,Infer from URL or text content
814,Missing provider,medium,Infer from URL or text content
815,Missing provider,medium,Infer from URL or text content
816,Missing provider,medium,Infer from URL or text content
817,Missing provider,medium,Infer from URL or text content
818,Missing provider,medium,Infer from URL or text content
819,Missing provider,medium,Infer from URL or text content
820,Missing provider,medium,Infer from URL or text content
821,Missing provider,medium,Infer from URL or text content
822,Missing provider,medium,Infer from URL or text content
823,Missing provider,medium,Infer from URL or text content
824,Missing provider,medium,Infer from URL or text content
825,Missing provider,medium,Infer from URL or text content
826,Missing provider,medium,Infer from URL or text content
827,Missing provider,medium,Infer from URL or text content
828,Missing provider,medium,Infer from URL or text content
829,Missing provider,medium,Infer from URL or text content
830,Missing provider,medium,Infer from URL or text content
831,Missing provider,medium,Infer from URL or text content
832,Missing provider,medium,Infer from URL or text content
833,Missing provider,medium,Infer from URL or text content
834,Missing provider,medium,Infer from URL or text content
835,Missing provider,medium,Infer from URL or text content
836,Missing provider,medium,Infer from URL or text content
837,Missing provider,medium,Infer from URL or text content
838,Missing provider,medium,Infer from URL or text content
839,Missing provider,medium,Infer from URL or text content
840,Missing provider,medium,Infer from URL or text content
841,Missing provider,medium,Infer from URL or text content
842,Missing provider,medium,Infer from URL or text content
843,Missing provider,medium,Infer from URL or text content
844,Missing provider,medium,Infer from URL or text content
845,Missing provider,medium,Infer from URL or text content
846,Missing provider,medium,Infer from URL or text content
847,Missing provider,medium,Infer from URL or text content
848,Missing provider,medium,Infer from URL or text content
849,Missing provider,medium,Infer from URL or text content
850,Missing provider,medium,Infer from URL or text content
851,Missing provider,medium,Infer from URL or text content
852,Missing provider,medium,Infer from URL or text content
853,Missing provider,medium,Infer from URL or text content
854,Missing provider,medium,Infer from URL or text content
855,Missing provider,medium,Infer from URL or text content
856,Missing provider,medium,Infer from URL or text content
857,Missing provider,medium,Infer from URL or text content
858,Missing provider,medium,Infer from URL or text content
859,Missing provider,medium,Infer from URL or text content
860,Missing provider,medium,Infer from URL or text content
861,Missing provider,medium,Infer from URL or text content
862,Missing provider,medium,Infer from URL or text content
863,Missing provider,medium,Infer from URL or text content
864,Missing provider,medium,Infer from URL or text content
865,Missing provider,medium,Infer from URL or text content
866,Missing provider,medium,Infer from URL or text content
867,Missing provider,medium,Infer from URL or text content
868,Missing provider,medium,Infer from URL or text content
869,Missing provider,medium,Infer from URL or text content
870,Missing provider,medium,Infer from URL or text content
871,Missing provider,medium,Infer from URL or text content
872,Missing provider,medium,Infer from URL or text content
873,Missing provider,medium,Infer from URL or text content
874,Missing provider,medium,Infer from URL or text content
875,Missing provider,medium,Infer from URL or text content
876,Missing provider,medium,Infer from URL or text content
877,Missing provider,medium,Infer from URL or text content
878,Missing provider,medium,Infer from URL or text content
879,Missing provider,medium,Infer from URL or text content
880,Missing provider,medium,Infer from URL or text content
881,Missing provider,medium,Infer from URL or text content
882,Missing provider,medium,Infer from URL or text content
883,Missing provider,medium,Infer from URL or text content
884,Missing provider,medium,Infer from URL or text content
885,Missing provider,medium,Infer from URL or text content
886,Missing provider,medium,Infer from URL or text content
887,Missing provider,medium,Infer from URL or text content
888,Missing provider,medium,Infer from URL or text content
889,Missing provider,medium,Infer from URL or text content
890,Missing provider,medium,Infer from URL or text content
891,Missing provider,medium,Infer from URL or text content
892,Missing provider,medium,Infer from URL or text content
893,Missing provider,medium,Infer from URL or text content
894,Missing provider,medium,Infer from URL or text content
895,Missing provider,medium,Infer from URL or text content
896,Missing provider,medium,Infer from URL or text content
897,Missing provider,medium,Infer from URL or text content
898,Missing provider,medium,Infer from URL or text content
899,Missing provider,medium,Infer from URL or text content
900,Missing provider,medium,Infer from URL or text content
901,Missing provider,medium,Infer from URL or text content
902,Missing provider,medium,Infer from URL or text content
903,Missing provider,medium,Infer from URL or text content
904,Missing provider,medium,Infer from URL or text content
905,Missing provider,medium,Infer from URL or text content
906,Missing provider,medium,Infer from URL or text content
907,Missing provider,medium,Infer from URL or text content
908,Missing provider,medium,Infer from URL or text content
909,Missing provider,medium,Infer from URL or text content
910,Missing provider,medium,Infer from URL or text content
911,Missing provider,medium,Infer from URL or text content
912,Missing provider,medium,Infer from URL or text content
913,Missing provider,medium,Infer from URL or text content
914,Missing provider,medium,Infer from URL or text content
915,Missing provider,medium,Infer from URL or text content
916,Missing provider,medium,Infer from URL or text content
917,Missing provider,medium,Infer from URL or text content
918,Missing provider,medium,Infer from URL or text content
919,Missing provider,medium,Infer from URL or text content
920,Missing provider,medium,Infer from URL or text content
921,Missing provider,medium,Infer from URL or text content
922,Missing provider,medium,Infer from URL or text content
923,Missing provider,medium,Infer from URL or text content
924,Missing provider,medium,Infer from URL or text content
925,Missing provider,medium,Infer from URL or text content
926,Missing provider,medium,Infer from URL or text content
927,Missing provider,medium,Infer from URL or text content
928,Missing provider,medium,Infer from URL or text content
929,Missing provider,medium,Infer from URL or text content
930,Missing provider,medium,Infer from URL or text content
931,Missing provider,medium,Infer from URL or text content
932,Missing provider,medium,Infer from URL or text content
933,Missing provider,medium,Infer from URL or text content
934,Missing provider,medium,Infer from URL or text content
935,Missing provider,medium,Infer from URL or text content
936,Missing provider,medium,Infer from URL or text content
937,Missing provider,medium,Infer from URL or text content
938,Missing provider,medium,Infer from URL or text content
939,Missing provider,medium,Infer from URL or text content
940,Missing provider,medium,Infer from URL or text content
941,Missing provider,medium,Infer from URL or text content
942,Missing provider,medium,Infer from URL or text content
943,Missing provider,medium,Infer from URL or text content
944,Missing provider,medium,Infer from URL or text content
945,Missing provider,medium,Infer from URL or text content
947,Missing provider,medium,Infer from URL or text content
948,Missing provider,medium,Infer from URL or text content
949,Missing provider,medium,Infer from URL or text content
950,Missing provider,medium,Infer from URL or text content
951,Missing provider,medium,Infer from URL or text content
952,Missing provider,medium,Infer from URL or text content
953,Missing provider,medium,Infer from URL or text content
954,Missing provider,medium,Infer from URL or text content
955,Missing provider,medium,Infer from URL or text content
956,Missing provider,medium,Infer from URL or text content
957,Missing provider,medium,Infer from URL or text content
958,Missing provider,medium,Infer from URL or text content
959,Missing provider,medium,Infer from URL or text content
960,Missing provider,medium,Infer from URL or text content
961,Missing provider,medium,Infer from URL or text content
962,Missing provider,medium,Infer from URL or text content
963,Missing provider,medium,Infer from URL or text content
964,Missing provider,medium,Infer from URL or text content
965,Missing provider,medium,Infer from URL or text content
966,Missing provider,medium,Infer from URL or text content
967,Missing provider,medium,Infer from URL or text content
968,Missing provider,medium,Infer from URL or text content
969,Missing provider,medium,Infer from URL or text content
971,Missing provider,medium,Infer from URL or text content
972,Missing provider,medium,Infer from URL or text content
973,Missing provider,medium,Infer from URL or text content
974,Missing provider,medium,Infer from URL or text content
975,Missing provider,medium,Infer from URL or text content
976,Missing provider,medium,Infer from URL or text content
977,Missing provider,medium,Infer from URL or text content
978,Missing provider,medium,Infer from URL or text content
979,Missing provider,medium,Infer from URL or text content
980,Missing provider,medium,Infer from URL or text content
981,Missing provider,medium,Infer from URL or text content
982,Missing provider,medium,Infer from URL or text content
983,Missing provider,medium,Infer from URL or text content
984,Missing provider,medium,Infer from URL or text content
985,Missing provider,medium,Infer from URL or text content
986,Missing provider,medium,Infer from URL or text content
987,Missing provider,medium,Infer from URL or text content
988,Missing provider,medium,Infer from URL or text content
989,Missing provider,medium,Infer from URL or text content
990,Missing provider,medium,Infer from URL or text content
991,Missing provider,medium,Infer from URL or text content
992,Missing provider,medium,Infer from URL or text content
993,Missing provider,medium,Infer from URL or text content
994,Missing provider,medium,Infer from URL or text content
995,Missing provider,medium,Infer from URL or text content
996,Missing provider,medium,Infer from URL or text content
997,Missing provider,medium,Infer from URL or text content
998,Missing provider,medium,Infer from URL or text content
999,Missing provider,medium,Infer from URL or text content
1000,Missing provider,medium,Infer from URL or text content
1001,Missing provider,medium,Infer from URL or text content
1002,Missing provider,medium,Infer from URL or text content
1003,Missing provider,medium,Infer from URL or text content
1004,Missing provider,medium,Infer from URL or text content
1005,Missing provider,medium,Infer from URL or text content
1006,Missing provider,medium,Infer from URL or text content
1007,Missing provider,medium,Infer from URL or text content
1008,Missing provider,medium,Infer from URL or text content
1009,Missing provider,medium,Infer from URL or text content
1010,Missing provider,medium,Infer from URL or text content
1011,Missing provider,medium,Infer from URL or text content
1012,Missing provider,medium,Infer from URL or text content
1013,Missing provider,medium,Infer from URL or text content
1014,Missing provider,medium,Infer from URL or text content
1015,Missing provider,medium,Infer from URL or text content
1016,Missing provider,medium,Infer from URL or text content
1017,Missing provider,medium,Infer from URL or text content
1018,Missing provider,medium,Infer from URL or text content
1019,Missing provider,medium,Infer from URL or text content
1020,Missing provider,medium,Infer from URL or text content
1021,Missing provider,medium,Infer from URL or text content
1022,Missing provider,medium,Infer from URL or text content
1023,Missing provider,medium,Infer from URL or text content
1024,Missing provider,medium,Infer from URL or text content
1025,Missing provider,medium,Infer from URL or text content
1026,Missing provider,medium,Infer from URL or text content
1027,Missing provider,medium,Infer from URL or text content
1028,Missing provider,medium,Infer from URL or text content
1029,Missing provider,medium,Infer from URL or text content
1030,Missing provider,medium,Infer from URL or text content
1031,Missing provider,medium,Infer from URL or text content
1032,Missing provider,medium,Infer from URL or text content
1033,Missing provider,medium,Infer from URL or text content
1034,Missing provider,medium,Infer from URL or text content
1035,Missing provider,medium,Infer from URL or text content
1036,Missing provider,medium,Infer from URL or text content
1037,Missing provider,medium,Infer from URL or text content
1038,Missing provider,medium,Infer from URL or text content
1039,Missing provider,medium,Infer from URL or text content
1040,Missing provider,medium,Infer from URL or text content
1041,Missing provider,medium,Infer from URL or text content
1042,Missing provider,medium,Infer from URL or text content
1043,Missing provider,medium,Infer from URL or text content
1044,Missing provider,medium,Infer from URL or text content
1045,Missing provider,medium,Infer from URL or text content
1046,Missing provider,medium,Infer from URL or text content
1047,Missing provider,medium,Infer from URL or text content
1048,Missing provider,medium,Infer from URL or text content
1049,Missing provider,medium,Infer from URL or text content
1050,Missing provider,medium,Infer from URL or text content
1051,Missing provider,medium,Infer from URL or text content
1052,Missing provider,medium,Infer from URL or text content
1053,Missing provider,medium,Infer from URL or text content
1054,Missing provider,medium,Infer from URL or text content
1055,Missing provider,medium,Infer from URL or text content
1056,Missing provider,medium,Infer from URL or text content
1057,Missing provider,medium,Infer from URL or text content
1058,Missing provider,medium,Infer from URL or text content
1059,Missing provider,medium,Infer from URL or text content
1060,Missing provider,medium,Infer from URL or text content
1061,Missing provider,medium,Infer from URL or text content
1062,Missing provider,medium,Infer from URL or text content
1063,Missing provider,medium,Infer from URL or text content
1064,Missing provider,medium,Infer from URL or text content
1065,Missing provider,medium,Infer from URL or text content
1066,Missing provider,medium,Infer from URL or text content
1067,Missing provider,medium,Infer from URL or text content
1068,Missing provider,medium,Infer from URL or text content
1070,Missing provider,medium,Infer from URL or text content
1072,Missing provider,medium,Infer from URL or text content
1073,Missing provider,medium,Infer from URL or text content
1074,Missing provider,medium,Infer from URL or text content
1075,Missing provider,medium,Infer from URL or text content
1078,Missing provider,medium,Infer from URL or text content
1079,Missing provider,medium,Infer from URL or text content
1080,Missing provider,medium,Infer from URL or text content
1081,Missing provider,medium,Infer from URL or text content
1082,Missing provider,medium,Infer from URL or text content
1083,Missing provider,medium,Infer from URL or text content
1084,Missing provider,medium,Infer from URL or text content
1085,Missing provider,medium,Infer from URL or text content
1086,Missing provider,medium,Infer from URL or text content
1087,Missing provider,medium,Infer from URL or text content
1088,Missing provider,medium,Infer from URL or text content
1089,Missing provider,medium,Infer from URL or text content
1090,Missing provider,medium,Infer from URL or text content
1091,Missing provider,medium,Infer from URL or text content
1092,Missing provider,medium,Infer from URL or text content
1093,Missing provider,medium,Infer from URL or text content
1094,Missing provider,medium,Infer from URL or text content
1095,Missing provider,medium,Infer from URL or text content
1096,Missing provider,medium,Infer from URL or text content
1097,Missing provider,medium,Infer from URL or text content
1098,Missing provider,medium,Infer from URL or text content
1099,Missing provider,medium,Infer from URL or text content
1100,Missing provider,medium,Infer from URL or text content
1101,Missing provider,medium,Infer from URL or text content
1102,Missing provider,medium,Infer from URL or text content
1103,Missing provider,medium,Infer from URL or text content
1104,Missing provider,medium,Infer from URL or text content
1105,Missing provider,medium,Infer from URL or text content
1106,Missing provider,medium,Infer from URL or text content
1107,Missing provider,medium,Infer from URL or text content
1108,Missing provider,medium,Infer from URL or text content
1109,Missing provider,medium,Infer from URL or text content
1110,Missing provider,medium,Infer from URL or text content
1111,Missing provider,medium,Infer from URL or text content
1112,Missing provider,medium,Infer from URL or text content
1113,Missing provider,medium,Infer from URL or text content
1114,Missing provider,medium,Infer from URL or text content
1115,Missing provider,medium,Infer from URL or text content
1116,Missing provider,medium,Infer from URL or text content
1117,Missing provider,medium,Infer from URL or text content
1118,Missing provider,medium,Infer from URL or text content
1119,Missing provider,medium,Infer from URL or text content
1120,Missing provider,medium,Infer from URL or text content
1298,Missing provider,medium,Infer from URL or text content
1299,Missing provider,medium,Infer from URL or text content
1300,Missing provider,medium,Infer from URL or text content
1301,Missing provider,medium,Infer from URL or text content
1302,Missing provider,medium,Infer from URL or text content
1303,Missing provider,medium,Infer from URL or text content
1304,Missing provider,medium,Infer from URL or text content
1305,Missing provider,medium,Infer from URL or text content
1312,Missing provider,medium,Infer from URL or text content
1313,Missing provider,medium,Infer from URL or text content
1329,Missing provider,medium,Infer from URL or text content
1330,Missing provider,medium,Infer from URL or text content
1331,Missing provider,medium,Infer from URL or text content
1332,Missing provider,medium,Infer from URL or text content
1333,Missing provider,medium,Infer from URL or text content
1335,Missing provider,medium,Infer from URL or text content
1336,Missing provider,medium,Infer from URL or text content
1337,Missing provider,medium,Infer from URL or text content
1339,Missing provider,medium,Infer from URL or text content
1340,Missing provider,medium,Infer from URL or text content
1341,Missing provider,medium,Infer from URL or text content
1342,Missing provider,medium,Infer from URL or text content
1343,Missing provider,medium,Infer from URL or text content
1344,Missing provider,medium,Infer from URL or text content
1345,Missing provider,medium,Infer from URL or text content
1346,Missing provider,medium,Infer from URL or text content
1347,Missing provider,medium,Infer from URL or text content
1348,Missing provider,medium,Infer from URL or text content
1349,Missing provider,medium,Infer from URL or text content
1350,Missing provider,medium,Infer from URL or text content
1351,Missing provider,medium,Infer from URL or text content
1352,Missing provider,medium,Infer from URL or text content
1353,Missing provider,medium,Infer from URL or text content
1354,Missing provider,medium,Infer from URL or text content
1355,Missing provider,medium,Infer from URL or text content
1356,Missing provider,medium,Infer from URL or text content
1357,Missing provider,medium,Infer from URL or text content
1358,Missing provider,medium,Infer from URL or text content
1359,Missing provider,medium,Infer from URL or text content
1360,Missing provider,medium,Infer from URL or text content
1361,Missing provider,medium,Infer from URL or text content
1362,Missing provider,medium,Infer from URL or text content
1363,Missing provider,medium,Infer from URL or text content
1364,Missing provider,medium,Infer from URL or text content
1365,Missing provider,medium,Infer from URL or text content
1366,Missing provider,medium,Infer from URL or text content
1367,Missing provider,medium,Infer from URL or text content
1368,Missing provider,medium,Infer from URL or text content
1369,Missing provider,medium,Infer from URL or text content
1370,Missing provider,medium,Infer from URL or text content
1371,Missing provider,medium,Infer from URL or text content
1372,Missing provider,medium,Infer from URL or text content
1373,Missing provider,medium,Infer from URL or text content
1374,Missing provider,medium,Infer from URL or text content
1396,Missing provider,medium,Infer from URL or text content
1397,Missing provider,medium,Infer from URL or text content
1398,Missing provider,medium,Infer from URL or text content
1399,Missing provider,medium,Infer from URL or text content
1400,Missing provider,medium,Infer from URL or text content
1401,Missing provider,medium,Infer from URL or text content
1402,Missing provider,medium,Infer from URL or text content
1403,Missing provider,medium,Infer from URL or text content
1404,Missing provider,medium,Infer from URL or text content
1405,Missing provider,medium,Infer from URL or text content
1406,Missing provider,medium,Infer from URL or text content
1407,Missing provider,medium,Infer from URL or text content
1408,Missing provider,medium,Infer from URL or text content
1409,Missing provider,medium,Infer from URL or text content
1410,Missing provider,medium,Infer from URL or text content
1411,Missing provider,medium,Infer from URL or text content
1412,Missing provider,medium,Infer from URL or text content
1413,Missing provider,medium,Infer from URL or text content
1414,Missing provider,medium,Infer from URL or text content
1415,Missing provider,medium,Infer from URL or text content
1416,Missing provider,medium,Infer from URL or text content
1417,Missing provider,medium,Infer from URL or text content
1418,Missing provider,medium,Infer from URL or text content
1419,Missing provider,medium,Infer from URL or text content
1420,Missing provider,medium,Infer from URL or text content
1421,Missing provider,medium,Infer from URL or text content
1422,Missing provider,medium,Infer from URL or text content
1423,Missing provider,medium,Infer from URL or text content
1424,Missing provider,medium,Infer from URL or text content
1425,Missing provider,medium,Infer from URL or text content
1426,Missing provider,medium,Infer from URL or text content
1427,Missing provider,medium,Infer from URL or text content
1428,Missing provider,medium,Infer from URL or text content
1429,Missing provider,medium,Infer from URL or text content
1430,Missing provider,medium,Infer from URL or text content
1431,Missing provider,medium,Infer from URL or text content
1432,Missing provider,medium,Infer from URL or text content
1433,Missing provider,medium,Infer from URL or text content
1434,Missing provider,medium,Infer from URL or text content
1435,Missing provider,medium,Infer from URL or text content
1436,Missing provider,medium,Infer from URL or text content
1437,Missing provider,medium,Infer from URL or text content
1438,Missing provider,medium,Infer from URL or text content
1439,Missing provider,medium,Infer from URL or text content
1440,Missing provider,medium,Infer from URL or text content
1441,Missing provider,medium,Infer from URL or text content
1442,Missing provider,medium,Infer from URL or text content
1443,Missing provider,medium,Infer from URL or text content
1444,Missing provider,medium,Infer from URL or text content
1445,Missing provider,medium,Infer from URL or text content
1446,Missing provider,medium,Infer from URL or text content
1447,Missing provider,medium,Infer from URL or text content
1448,Missing provider,medium,Infer from URL or text content
1449,Missing provider,medium,Infer from URL or text content
1450,Missing provider,medium,Infer from URL or text content
1451,Missing provider,medium,Infer from URL or text content
1452,Missing provider,medium,Infer from URL or text content
1453,Missing provider,medium,Infer from URL or text content
1454,Missing provider,medium,Infer from URL or text content
1455,Missing provider,medium,Infer from URL or text content
1456,Missing provider,medium,Infer from URL or text content
1457,Missing provider,medium,Infer from URL or text content
1458,Missing provider,medium,Infer from URL or text content
1459,Missing provider,medium,Infer from URL or text content
1460,Missing provider,medium,Infer from URL or text content
1461,Missing provider,medium,Infer from URL or text content
1462,Missing provider,medium,Infer from URL or text content
1463,Missing provider,medium,Infer from URL or text content
1464,Missing provider,medium,Infer from URL or text content
1465,Missing provider,medium,Infer from URL or text content
1466,Missing provider,medium,Infer from URL or text content
1467,Missing provider,medium,Infer from URL or text content
1468,Missing provider,medium,Infer from URL or text content
1469,Missing provider,medium,Infer from URL or text content
1470,Missing provider,medium,Infer from URL or text content
1471,Missing provider,medium,Infer from URL or text content
1472,Missing provider,medium,Infer from URL or text content
1473,Missing provider,medium,Infer from URL or text content
1474,Missing provider,medium,Infer from URL or text content
1475,Missing provider,medium,Infer from URL or text content
1476,Missing provider,medium,Infer from URL or text content
1477,Missing provider,medium,Infer from URL or text content
1478,Missing provider,medium,Infer from URL or text content
1479,Missing provider,medium,Infer from URL or text content
1480,Missing provider,medium,Infer from URL or text content
1481,Missing provider,medium,Infer from URL or text content
1482,Missing provider,medium,Infer from URL or text content
1483,Missing provider,medium,Infer from URL or text content
1484,Missing provider,medium,Infer from URL or text content
1485,Missing provider,medium,Infer from URL or text content
1486,Missing provider,medium,Infer from URL or text content
1487,Missing provider,medium,Infer from URL or text content
1488,Missing provider,medium,Infer from URL or text content
1489,Missing provider,medium,Infer from URL or text content
1490,Missing provider,medium,Infer from URL or text content
1491,Missing provider,medium,Infer from URL or text content
1492,Missing provider,medium,Infer from URL or text content
1493,Missing provider,medium,Infer from URL or text content
1494,Missing provider,medium,Infer from URL or text content
1495,Missing provider,medium,Infer from URL or text content
1496,Missing provider,medium,Infer from URL or text content
1497,Missing provider,medium,Infer from URL or text content
1498,Missing provider,medium,Infer from URL or text content
1499,Missing provider,medium,Infer from URL or text content
1500,Missing provider,medium,Infer from URL or text content
1501,Missing provider,medium,Infer from URL or text content
1502,Missing provider,medium,Infer from URL or text content
1503,Missing provider,medium,Infer from URL or text content
1504,Missing provider,medium,Infer from URL or text content
1505,Missing provider,medium,Infer from URL or text content
1506,Missing provider,medium,Infer from URL or text content
1507,Missing provider,medium,Infer from URL or text content
1508,Missing provider,medium,Infer from URL or text content
1509,Missing provider,medium,Infer from URL or text content
1510,Missing provider,medium,Infer from URL or text content
1511,Missing provider,medium,Infer from URL or text content
1512,Missing provider,medium,Infer from URL or text content
1513,Missing provider,medium,Infer from URL or text content
1514,Missing provider,medium,Infer from URL or text content
1515,Missing provider,medium,Infer from URL or text content
1516,Missing provider,medium,Infer from URL or text content
1517,Missing provider,medium,Infer from URL or text content
1518,Missing provider,medium,Infer from URL or text content
1519,Missing provider,medium,Infer from URL or text content
1520,Missing provider,medium,Infer from URL or text content
1521,Missing provider,medium,Infer from URL or text content
1522,Missing provider,medium,Infer from URL or text content
1523,Missing provider,medium,Infer from URL or text content
1524,Missing provider,medium,Infer from URL or text content
1525,Missing provider,medium,Infer from URL or text content
1526,Missing provider,medium,Infer from URL or text content
1527,Missing provider,medium,Infer from URL or text content
1528,Missing provider,medium,Infer from URL or text content
1529,Missing provider,medium,Infer from URL or text content
1530,Missing provider,medium,Infer from URL or text content
1531,Missing provider,medium,Infer from URL or text content
1532,Missing provider,medium,Infer from URL or text content
1533,Missing provider,medium,Infer from URL or text content
1534,Missing provider,medium,Infer from URL or text content
1535,Missing provider,medium,Infer from URL or text content
1536,Missing provider,medium,Infer from URL or text content
1537,Missing provider,medium,Infer from URL or text content
1538,Missing provider,medium,Infer from URL or text content
1539,Missing provider,medium,Infer from URL or text content
1540,Missing provider,medium,Infer from URL or text content
1541,Missing provider,medium,Infer from URL or text content
1542,Missing provider,medium,Infer from URL or text content
1543,Missing provider,medium,Infer from URL or text content
1544,Missing provider,medium,Infer from URL or text content
1545,Missing provider,medium,Infer from URL or text content
1546,Missing provider,medium,Infer from URL or text content
1547,Missing provider,medium,Infer from URL or text content
1548,Missing provider,medium,Infer from URL or text content
1549,Missing provider,medium,Infer from URL or text content
1550,Missing provider,medium,Infer from URL or text content
1551,Missing provider,medium,Infer from URL or text content
1552,Missing provider,medium,Infer from URL or text content
1553,Missing provider,medium,Infer from URL or text content
1554,Missing provider,medium,Infer from URL or text content
1555,Missing provider,medium,Infer from URL or text content
1556,Missing provider,medium,Infer from URL or text content
1557,Missing provider,medium,Infer from URL or text content
1558,Missing provider,medium,Infer from URL or text content
1559,Missing provider,medium,Infer from URL or text content
1561,Missing provider,medium,Infer from URL or text content
1562,Missing provider,medium,Infer from URL or text content
1563,Missing provider,medium,Infer from URL or text content
1565,Missing provider,medium,Infer from URL or text content
1566,Missing provider,medium,Infer from URL or text content
1567,Missing provider,medium,Infer from URL or text content
1568,Missing provider,medium,Infer from URL or text content
1570,Missing provider,medium,Infer from URL or text content
1571,Missing provider,medium,Infer from URL or text content
1572,Missing provider,medium,Infer from URL or text content
1573,Missing provider,medium,Infer from URL or text content
1574,Missing provider,medium,Infer from URL or text content
1575,Missing provider,medium,Infer from URL or text content
1581,Missing provider,medium,Infer from URL or text content
1582,Missing provider,medium,Infer from URL or text content
1583,Missing provider,medium,Infer from URL or text content
1584,Missing provider,medium,Infer from URL or text content
1585,Missing provider,medium,Infer from URL or text content
1586,Missing provider,medium,Infer from URL or text content
1587,Missing provider,medium,Infer from URL or text content
1588,Missing provider,medium,Infer from URL or text content
1590,Missing provider,medium,Infer from URL or text content
1591,Missing provider,medium,Infer from URL or text content
1592,Missing provider,medium,Infer from URL or text content
1593,Missing provider,medium,Infer from URL or text content
1594,Missing provider,medium,Infer from URL or text content
1595,Missing provider,medium,Infer from URL or text content
1596,Missing provider,medium,Infer from URL or text content
1597,Missing provider,medium,Infer from URL or text content
1599,Missing provider,medium,Infer from URL or text content
1600,Missing provider,medium,Infer from URL or text content
1601,Missing provider,medium,Infer from URL or text content
1602,Missing provider,medium,Infer from URL or text content
1603,Missing provider,medium,Infer from URL or text content
1604,Missing provider,medium,Infer from URL or text content
1605,Missing provider,medium,Infer from URL or text content
1606,Missing provider,medium,Infer from URL or text content
1607,Missing provider,medium,Infer from URL or text content
1608,Missing provider,medium,Infer from URL or text content
1609,Missing provider,medium,Infer from URL or text content
1610,Missing provider,medium,Infer from URL or text content
1611,Missing provider,medium,Infer from URL or text content
1612,Missing provider,medium,Infer from URL or text content
1613,Missing provider,medium,Infer from URL or text content
1614,Missing provider,medium,Infer from URL or text content
1615,Missing provider,medium,Infer from URL or text content
1616,Missing provider,medium,Infer from URL or text content
1617,Missing provider,medium,Infer from URL or text content
1618,Missing provider,medium,Infer from URL or text content
1619,Missing provider,medium,Infer from URL or text content
1620,Missing provider,medium,Infer from URL or text content
1621,Missing provider,medium,Infer from URL or text content
1622,Missing provider,medium,Infer from URL or text content
1623,Missing provider,medium,Infer from URL or text content
1624,Missing provider,medium,Infer from URL or text content
1625,Missing provider,medium,Infer from URL or text content
1626,Missing provider,medium,Infer from URL or text content
1627,Missing provider,medium,Infer from URL or text content
1630,Missing provider,medium,Infer from URL or text content
1631,Missing provider,medium,Infer from URL or text content
1632,Missing provider,medium,Infer from URL or text content
1633,Missing provider,medium,Infer from URL or text content
1634,Missing provider,medium,Infer from URL or text content
1635,Missing provider,medium,Infer from URL or text content
1636,Missing provider,medium,Infer from URL or text content
1637,Missing provider,medium,Infer from URL or text content
1638,Missing provider,medium,Infer from URL or text content
1639,Missing provider,medium,Infer from URL or text content
1640,Missing provider,medium,Infer from URL or text content
1641,Missing provider,medium,Infer from URL or text content
1642,Missing provider,medium,Infer from URL or text content
1643,Missing provider,medium,Infer from URL or text content
1644,Missing provider,medium,Infer from URL or text content
1645,Missing provider,medium,Infer from URL or text content
1646,Missing provider,medium,Infer from URL or text content
1647,Missing provider,medium,Infer from URL or text content
1648,Missing provider,medium,Infer from URL or text content
1649,Missing provider,medium,Infer from URL or text content
1650,Missing provider,medium,Infer from URL or text content
1651,Missing provider,medium,Infer from URL or text content
1652,Missing provider,medium,Infer from URL or text content
1653,Missing provider,medium,Infer from URL or text content
1654,Missing provider,medium,Infer from URL or text content
1655,Missing provider,medium,Infer from URL or text content
1656,Missing provider,medium,Infer from URL or text content
1657,Missing provider,medium,Infer from URL or text content
1658,Missing provider,medium,Infer from URL or text content
1659,Missing provider,medium,Infer from URL or text content
1660,Missing provider,medium,Infer from URL or text content
1661,Missing provider,medium,Infer from URL or text content
1662,Missing provider,medium,Infer from URL or text content
1663,Missing provider,medium,Infer from URL or text content
1664,Missing provider,medium,Infer from URL or text content
1665,Missing provider,medium,Infer from URL or text content
1666,Missing provider,medium,Infer from URL or text content
1667,Missing provider,medium,Infer from URL or text content
1668,Missing provider,medium,Infer from URL or text content
1669,Missing provider,medium,Infer from URL or text content
1670,Missing provider,medium,Infer from URL or text content
1671,Missing provider,medium,Infer from URL or text content
1672,Missing provider,medium,Infer from URL or text content
1673,Missing provider,medium,Infer from URL or text content
1674,Missing provider,medium,Infer from URL or text content
1675,Missing provider,medium,Infer from URL or text content
1676,Missing provider,medium,Infer from URL or text content
1677,Missing provider,medium,Infer from URL or text content
1678,Missing provider,medium,Infer from URL or text content
1679,Missing provider,medium,Infer from URL or text content
1680,Missing provider,medium,Infer from URL or text content
1681,Missing provider,medium,Infer from URL or text content
1682,Missing provider,medium,Infer from URL or text content
1683,Missing provider,medium,Infer from URL or text content
1684,Missing provider,medium,Infer from URL or text content
1685,Missing provider,medium,Infer from URL or text content
1686,Missing provider,medium,Infer from URL or text content
1687,Missing provider,medium,Infer from URL or text content
1688,Missing provider,medium,Infer from URL or text content
1689,Missing provider,medium,Infer from URL or text content
1690,Missing provider,medium,Infer from URL or text content
1691,Missing provider,medium,Infer from URL or text content
1692,Missing provider,medium,Infer from URL or text content
1693,Missing provider,medium,Infer from URL or text content
1694,Missing provider,medium,Infer from URL or text content
1695,Missing provider,medium,Infer from URL or text content
1696,Missing provider,medium,Infer from URL or text content
1697,Missing provider,medium,Infer from URL or text content
1698,Missing provider,medium,Infer from URL or text content
1699,Missing provider,medium,Infer from URL or text content
1700,Missing provider,medium,Infer from URL or text content
1701,Missing provider,medium,Infer from URL or text content
1702,Missing provider,medium,Infer from URL or text content
1703,Missing provider,medium,Infer from URL or text content
1704,Missing provider,medium,Infer from URL or text content
1705,Missing provider,medium,Infer from URL or text content
1706,Missing provider,medium,Infer from URL or text content
1707,Missing provider,medium,Infer from URL or text content
1708,Missing provider,medium,Infer from URL or text content
1709,Missing provider,medium,Infer from URL or text content
1710,Missing provider,medium,Infer from URL or text content
1711,Missing provider,medium,Infer from URL or text content
1712,Missing provider,medium,Infer from URL or text content
1713,Missing provider,medium,Infer from URL or text content
1714,Missing provider,medium,Infer from URL or text content
1715,Missing provider,medium,Infer from URL or text content
1716,Missing provider,medium,Infer from URL or text content
1717,Missing provider,medium,Infer from URL or text content
1718,Missing provider,medium,Infer from URL or text content
1719,Missing provider,medium,Infer from URL or text content
1720,Missing provider,medium,Infer from URL or text content
1721,Missing provider,medium,Infer from URL or text content
1722,Missing provider,medium,Infer from URL or text content
1723,Missing provider,medium,Infer from URL or text content
1724,Missing provider,medium,Infer from URL or text content
1725,Missing provider,medium,Infer from URL or text content
1726,Missing provider,medium,Infer from URL or text content
1727,Missing provider,medium,Infer from URL or text content
1728,Missing provider,medium,Infer from URL or text content
1729,Missing provider,medium,Infer from URL or text content
1730,Missing provider,medium,Infer from URL or text content
1731,Missing provider,medium,Infer from URL or text content
1732,Missing provider,medium,Infer from URL or text content
1733,Missing provider,medium,Infer from URL or text content
1734,Missing provider,medium,Infer from URL or text content
1735,Missing provider,medium,Infer from URL or text content
1736,Missing provider,medium,Infer from URL or text content
1737,Missing provider,medium,Infer from URL or text content
1738,Missing provider,medium,Infer from URL or text content
1739,Missing provider,medium,Infer from URL or text content
1740,Missing provider,medium,Infer from URL or text content
1741,Missing provider,medium,Infer from URL or text content
1742,Missing provider,medium,Infer from URL or text content
1743,Missing provider,medium,Infer from URL or text content
1745,Missing provider,medium,Infer from URL or text content
1746,Missing provider,medium,Infer from URL or text content
1747,Missing provider,medium,Infer from URL or text content
1748,Missing provider,medium,Infer from URL or text content
1749,Missing provider,medium,Infer from URL or text content
1750,Missing provider,medium,Infer from URL or text content
1751,Missing provider,medium,Infer from URL or text content
1752,Missing provider,medium,Infer from URL or text content
1753,Missing provider,medium,Infer from URL or text content
1754,Missing provider,medium,Infer from URL or text content
1755,Missing provider,medium,Infer from URL or text content
1756,Missing provider,medium,Infer from URL or text content
1757,Missing provider,medium,Infer from URL or text content
1758,Missing provider,medium,Infer from URL or text content
1759,Missing provider,medium,Infer from URL or text content
1760,Missing provider,medium,Infer from URL or text content
1761,Missing provider,medium,Infer from URL or text content
1764,Missing provider,medium,Infer from URL or text content
1765,Missing provider,medium,Infer from URL or text content
1766,Missing provider,medium,Infer from URL or text content
1767,Missing provider,medium,Infer from URL or text content
1768,Missing provider,medium,Infer from URL or text content
1769,Missing provider,medium,Infer from URL or text content
1770,Missing provider,medium,Infer from URL or text content
1771,Missing provider,medium,Infer from URL or text content
1772,Missing provider,medium,Infer from URL or text content
1773,Missing provider,medium,Infer from URL or text content
1774,Missing provider,medium,Infer from URL or text content
1775,Missing provider,medium,Infer from URL or text content
1776,Missing provider,medium,Infer from URL or text content
1777,Missing provider,medium,Infer from URL or text content
1778,Missing provider,medium,Infer from URL or text content
1779,Missing provider,medium,Infer from URL or text content
1780,Missing provider,medium,Infer from URL or text content
1781,Missing provider,medium,Infer from URL or text content
1782,Missing provider,medium,Infer from URL or text content
1783,Missing provider,medium,Infer from URL or text content
1784,Missing provider,medium,Infer from URL or text content
1785,Missing provider,medium,Infer from URL or text content
1786,Missing provider,medium,Infer from URL or text content
1787,Missing provider,medium,Infer from URL or text content
1788,Missing provider,medium,Infer from URL or text content
1789,Missing provider,medium,Infer from URL or text content
1790,Missing provider,medium,Infer from URL or text content
1791,Missing provider,medium,Infer from URL or text content
1792,Missing provider,medium,Infer from URL or text content
1793,Missing provider,medium,Infer from URL or text content
1794,Missing provider,medium,Infer from URL or text content
1795,Missing provider,medium,Infer from URL or text content
1796,Missing provider,medium,Infer from URL or text content
1797,Missing provider,medium,Infer from URL or text content
1798,Missing provider,medium,Infer from URL or text content
1799,Missing provider,medium,Infer from URL or text content
1800,Missing provider,medium,Infer from URL or text content
1801,Missing provider,medium,Infer from URL or text content
1802,Missing provider,medium,Infer from URL or text content
1803,Missing provider,medium,Infer from URL or text content
1804,Missing provider,medium,Infer from URL or text content
1805,Missing provider,medium,Infer from URL or text content
1806,Missing provider,medium,Infer from URL or text content
1807,Missing provider,medium,Infer from URL or text content
1808,Missing provider,medium,Infer from URL or text content
1809,Missing provider,medium,Infer from URL or text content
1810,Missing provider,medium,Infer from URL or text content
1811,Missing provider,medium,Infer from URL or text content
1812,Missing provider,medium,Infer from URL or text content
1813,Missing provider,medium,Infer from URL or text content
1814,Missing provider,medium,Infer from URL or text content
1815,Missing provider,medium,Infer from URL or text content
1816,Missing provider,medium,Infer from URL or text content
1817,Missing provider,medium,Infer from URL or text content
1818,Missing provider,medium,Infer from URL or text content
1819,Missing provider,medium,Infer from URL or text content
1820,Missing provider,medium,Infer from URL or text content
1821,Missing provider,medium,Infer from URL or text content
1822,Missing provider,medium,Infer from URL or text content
1823,Missing provider,medium,Infer from URL or text content
1824,Missing provider,medium,Infer from URL or text content
1825,Missing provider,medium,Infer from URL or text content
1826,Missing provider,medium,Infer from URL or text content
1827,Missing provider,medium,Infer from URL or text content
1828,Missing provider,medium,Infer from URL or text content
1829,Missing provider,medium,Infer from URL or text content
1830,Missing provider,medium,Infer from URL or text content
1831,Missing provider,medium,Infer from URL or text content
1832,Missing provider,medium,Infer from URL or text content
1833,Missing provider,medium,Infer from URL or text content
1834,Missing provider,medium,Infer from URL or text content
1835,Missing provider,medium,Infer from URL or text content
1836,Missing provider,medium,Infer from URL or text content
1837,Missing provider,medium,Infer from URL or text content
1837,No categories assigned,low,Manual categorization or enhanced NLP
1838,Missing provider,medium,Infer from URL or text content
1839,Missing provider,medium,Infer from URL or text content
1840,Missing provider,medium,Infer from URL or text content
1841,Missing provider,medium,Infer from URL or text content
1842,Missing provider,medium,Infer from URL or text content
1843,Missing provider,medium,Infer from URL or text content
1844,Missing provider,medium,Infer from URL or text content
1845,Missing provider,medium,Infer from URL or text content
1846,Missing provider,medium,Infer from URL or text content
1847,Missing provider,medium,Infer from URL or text content
1848,Missing provider,medium,Infer from URL or text content
1849,Missing provider,medium,Infer from URL or text content
1850,Missing provider,medium,Infer from URL or text content
1851,Missing provider,medium,Infer from URL or text content
1852,Missing provider,medium,Infer from URL or text content
1853,Missing provider,medium,Infer from URL or text content
1854,Missing provider,medium,Infer from URL or text content
1855,Missing provider,medium,Infer from URL or text content
1856,Missing provider,medium,Infer from URL or text content
1857,Missing provider,medium,Infer from URL or text content
1858,Missing provider,medium,Infer from URL or text content
1859,Missing provider,medium,Infer from URL or text content
1860,Missing provider,medium,Infer from URL or text content
1861,Missing provider,medium,Infer from URL or text content
1862,Missing provider,medium,Infer from URL or text content
1863,Missing provider,medium,Infer from URL or text content
1864,Missing provider,medium,Infer from URL or text content
1865,Missing provider,medium,Infer from URL or text content
1866,Missing provider,medium,Infer from URL or text content
1867,Missing provider,medium,Infer from URL or text content
1868,Missing provider,medium,Infer from URL or text content
1869,Missing provider,medium,Infer from URL or text content
1870,Missing provider,medium,Infer from URL or text content
1871,Missing provider,medium,Infer from URL or text content
1872,Missing provider,medium,Infer from URL or text content
1873,Missing provider,medium,Infer from URL or text content
1874,Missing provider,medium,Infer from URL or text content
1875,Missing provider,medium,Infer from URL or text content
1876,Missing provider,medium,Infer from URL or text content
1877,Missing provider,medium,Infer from URL or text content
1878,Missing provider,medium,Infer from URL or text content
1879,Missing provider,medium,Infer from URL or text content
1880,Missing provider,medium,Infer from URL or text content
1881,Missing provider,medium,Infer from URL or text content
1882,Missing provider,medium,Infer from URL or text content
1883,Missing provider,medium,Infer from URL or text content
1884,Missing provider,medium,Infer from URL or text content
1885,Missing provider,medium,Infer from URL or text content
1886,Missing provider,medium,Infer from URL or text content
1887,Missing provider,medium,Infer from URL or text content
1888,Missing provider,medium,Infer from URL or text content
1889,Missing provider,medium,Infer from URL or text content
1890,Missing provider,medium,Infer from URL or text content
1891,Missing provider,medium,Infer from URL or text content
1892,Missing provider,medium,Infer from URL or text content
1893,Missing provider,medium,Infer from URL or text content
1894,Missing provider,medium,Infer from URL or text content
1895,Missing provider,medium,Infer from URL or text content
1896,Missing provider,medium,Infer from URL or text content
1897,Missing provider,medium,Infer from URL or text content
1898,Missing provider,medium,Infer from URL or text content
1899,Missing provider,medium,Infer from URL or text content
1900,Missing provider,medium,Infer from URL or text content
1901,Missing provider,medium,Infer from URL or text content
1902,Missing provider,medium,Infer from URL or text content
1903,Missing provider,medium,Infer from URL or text content
1904,Missing provider,medium,Infer from URL or text content
1905,Missing provider,medium,Infer from URL or text content
1906,Missing provider,medium,Infer from URL or text content
1907,Missing provider,medium,Infer from URL or text content
1908,Missing provider,medium,Infer from URL or text content
1909,Missing provider,medium,Infer from URL or text content
1910,Missing provider,medium,Infer from URL or text content
1911,Missing provider,medium,Infer from URL or text content
1912,Missing provider,medium,Infer from URL or text content
1913,Missing provider,medium,Infer from URL or text content
1915,Missing provider,medium,Infer from URL or text content
1916,Missing provider,medium,Infer from URL or text content
1917,Missing provider,medium,Infer from URL or text content
1918,Missing provider,medium,Infer from URL or text content
1919,Missing provider,medium,Infer from URL or text content
1920,Missing provider,medium,Infer from URL or text content
1921,Missing provider,medium,Infer from URL or text content
1922,Missing provider,medium,Infer from URL or text content
1923,Missing provider,medium,Infer from URL or text content
1924,Missing provider,medium,Infer from URL or text content
1925,Missing provider,medium,Infer from URL or text content
1926,Missing provider,medium,Infer from URL or text content
1927,Missing provider,medium,Infer from URL or text content
1928,Missing provider,medium,Infer from URL or text content
1929,Missing provider,medium,Infer from URL or text content
1930,Missing provider,medium,Infer from URL or text content
1931,Missing provider,medium,Infer from URL or text content
1932,Missing provider,medium,Infer from URL or text content
1933,Missing provider,medium,Infer from URL or text content
1934,Missing provider,medium,Infer from URL or text content
1935,Missing provider,medium,Infer from URL or text content
1936,Missing provider,medium,Infer from URL or text content
1937,Missing provider,medium,Infer from URL or text content
1938,Missing provider,medium,Infer from URL or text content
1939,Missing provider,medium,Infer from URL or text content
1940,Missing provider,medium,Infer from URL or text content
1941,Missing provider,medium,Infer from URL or text content
1942,Missing provider,medium,Infer from URL or text content
1943,Missing provider,medium,Infer from URL or text content
1944,Missing provider,medium,Infer from URL or text content
1945,Missing provider,medium,Infer from URL or text content
1946,Missing provider,medium,Infer from URL or text content
1947,Missing provider,medium,Infer from URL or text content
1948,Missing provider,medium,Infer from URL or text content
1949,Missing provider,medium,Infer from URL or text content
1950,Missing provider,medium,Infer from URL or text content
1951,Missing provider,medium,Infer from URL or text content
1952,Missing provider,medium,Infer from URL or text content
1953,Missing provider,medium,Infer from URL or text content
1954,Missing provider,medium,Infer from URL or text content
1955,Missing provider,medium,Infer from URL or text content
1956,Missing provider,medium,Infer from URL or text content
1957,Missing provider,medium,Infer from URL or text content
1958,Missing provider,medium,Infer from URL or text content
1959,Missing provider,medium,Infer from URL or text content
1960,Missing provider,medium,Infer from URL or text content
1961,Missing provider,medium,Infer from URL or text content
1962,Missing provider,medium,Infer from URL or text content
1963,Missing provider,medium,Infer from URL or text content
1964,Missing provider,medium,Infer from URL or text content
1965,Missing provider,medium,Infer from URL or text content
1966,Missing provider,medium,Infer from URL or text content
1967,Missing provider,medium,Infer from URL or text content
1968,Missing provider,medium,Infer from URL or text content
1969,Missing provider,medium,Infer from URL or text content
1970,Missing provider,medium,Infer from URL or text content
1971,Missing provider,medium,Infer from URL or text content
1972,Missing provider,medium,Infer from URL or text content
1973,Missing provider,medium,Infer from URL or text content
1974,Missing provider,medium,Infer from URL or text content
1975,Missing provider,medium,Infer from URL or text content
1976,Missing provider,medium,Infer from URL or text content
1977,Missing provider,medium,Infer from URL or text content
1978,Missing provider,medium,Infer from URL or text content
1979,Missing provider,medium,Infer from URL or text content
1980,Missing provider,medium,Infer from URL or text content
1981,Missing provider,medium,Infer from URL or text content
1982,Missing provider,medium,Infer from URL or text content
1983,Missing provider,medium,Infer from URL or text content
1984,Missing provider,medium,Infer from URL or text content
1985,Missing provider,medium,Infer from URL or text content
1986,Missing provider,medium,Infer from URL or text content
1987,Missing provider,medium,Infer from URL or text content
1988,Missing provider,medium,Infer from URL or text content
1989,Missing provider,medium,Infer from URL or text content
1990,Missing provider,medium,Infer from URL or text content
1991,Missing provider,medium,Infer from URL or text content
1992,Missing provider,medium,Infer from URL or text content
1993,Missing provider,medium,Infer from URL or text content
1994,Missing provider,medium,Infer from URL or text content
1995,Missing provider,medium,Infer from URL or text content
1996,Missing provider,medium,Infer from URL or text content
1997,Missing provider,medium,Infer from URL or text content
1998,Missing provider,medium,Infer from URL or text content
1999,Missing provider,medium,Infer from URL or text content
2000,Missing provider,medium,Infer from URL or text content
2001,Missing provider,medium,Infer from URL or text content
2002,Missing provider,medium,Infer from URL or text content
2003,Missing provider,medium,Infer from URL or text content
2004,Missing provider,medium,Infer from URL or text content
2005,Missing provider,medium,Infer from URL or text content
2006,Missing provider,medium,Infer from URL or text content
2007,Missing provider,medium,Infer from URL or text content
2008,Missing provider,medium,Infer from URL or text content
2009,Missing provider,medium,Infer from URL or text content
2010,Missing provider,medium,Infer from URL or text content
2011,Missing provider,medium,Infer from URL or text content
2012,Missing provider,medium,Infer from URL or text content
2013,Missing provider,medium,Infer from URL or text content
2014,Missing provider,medium,Infer from URL or text content
2015,Missing provider,medium,Infer from URL or text content
2016,Missing provider,medium,Infer from URL or text content
2017,Missing provider,medium,Infer from URL or text content
2018,Missing provider,medium,Infer from URL or text content
2019,Missing provider,medium,Infer from URL or text content
2020,Missing provider,medium,Infer from URL or text content
2021,Missing provider,medium,Infer from URL or text content
2022,Missing provider,medium,Infer from URL or text content
2023,Missing provider,medium,Infer from URL or text content
2024,Missing provider,medium,Infer from URL or text content
2025,Missing provider,medium,Infer from URL or text content
2026,Missing provider,medium,Infer from URL or text content
2027,Missing provider,medium,Infer from URL or text content
2028,Missing provider,medium,Infer from URL or text content
2029,Missing provider,medium,Infer from URL or text content
2030,Missing provider,medium,Infer from URL or text content
2031,Missing provider,medium,Infer from URL or text content
2032,Missing provider,medium,Infer from URL or text content
2033,Missing provider,medium,Infer from URL or text content
2034,Missing provider,medium,Infer from URL or text content
2035,Missing provider,medium,Infer from URL or text content
2036,Missing provider,medium,Infer from URL or text content
2037,Missing provider,medium,Infer from URL or text content
2038,Missing provider,medium,Infer from URL or text content
2039,Missing provider,medium,Infer from URL or text content
2040,Missing provider,medium,Infer from URL or text content
2041,Missing provider,medium,Infer from URL or text content
2042,Missing provider,medium,Infer from URL or text content
2043,Missing provider,medium,Infer from URL or text content
2044,Missing provider,medium,Infer from URL or text content
2045,Missing provider,medium,Infer from URL or text content
2046,Missing provider,medium,Infer from URL or text content
2047,Missing provider,medium,Infer from URL or text content
2048,Missing provider,medium,Infer from URL or text content
2049,Missing provider,medium,Infer from URL or text content
2050,Missing provider,medium,Infer from URL or text content
2051,Missing provider,medium,Infer from URL or text content
2052,Missing provider,medium,Infer from URL or text content
2053,Missing provider,medium,Infer from URL or text content
2054,Missing provider,medium,Infer from URL or text content
2055,Missing provider,medium,Infer from URL or text content
2056,Missing provider,medium,Infer from URL or text content
2057,Missing provider,medium,Infer from URL or text content
2058,Missing provider,medium,Infer from URL or text content
2059,Missing provider,medium,Infer from URL or text content
2060,Missing provider,medium,Infer from URL or text content
2061,Missing provider,medium,Infer from URL or text content
2062,Missing provider,medium,Infer from URL or text content
2063,Missing provider,medium,Infer from URL or text content
2064,Missing provider,medium,Infer from URL or text content
2065,Missing provider,medium,Infer from URL or text content
2066,Missing provider,medium,Infer from URL or text content
2067,Missing provider,medium,Infer from URL or text content
2068,Missing provider,medium,Infer from URL or text content
2069,Missing provider,medium,Infer from URL or text content
2070,Missing provider,medium,Infer from URL or text content
2071,Missing provider,medium,Infer from URL or text content
2072,Missing provider,medium,Infer from URL or text content
2073,Missing provider,medium,Infer from URL or text content
2074,Missing provider,medium,Infer from URL or text content
2075,Missing provider,medium,Infer from URL or text content
2076,Missing provider,medium,Infer from URL or text content
2077,Missing provider,medium,Infer from URL or text content
2078,Missing provider,medium,Infer from URL or text content
2079,Missing provider,medium,Infer from URL or text content
2080,Missing provider,medium,Infer from URL or text content
2081,Missing provider,medium,Infer from URL or text content
2082,Missing provider,medium,Infer from URL or text content
2083,Missing provider,medium,Infer from URL or text content
2084,Missing provider,medium,Infer from URL or text content
2085,Missing provider,medium,Infer from URL or text content
2087,Missing provider,medium,Infer from URL or text content
2088,Missing provider,medium,Infer from URL or text content
2089,Missing provider,medium,Infer from URL or text content
2090,Missing provider,medium,Infer from URL or text content
2091,Missing provider,medium,Infer from URL or text content
2092,Missing provider,medium,Infer from URL or text content
2093,Missing provider,medium,Infer from URL or text content
2094,Missing provider,medium,Infer from URL or text content
2095,Missing provider,medium,Infer from URL or text content
2096,Missing provider,medium,Infer from URL or text content
2097,Missing provider,medium,Infer from URL or text content
2098,Missing provider,medium,Infer from URL or text content
2099,Missing provider,medium,Infer from URL or text content
2100,Missing provider,medium,Infer from URL or text content
2101,Missing provider,medium,Infer from URL or text content
2102,Missing provider,medium,Infer from URL or text content
2103,Missing provider,medium,Infer from URL or text content
2104,Missing provider,medium,Infer from URL or text content
2105,Missing provider,medium,Infer from URL or text content
2106,Missing provider,medium,Infer from URL or text content
2107,Missing provider,medium,Infer from URL or text content
2108,Missing provider,medium,Infer from URL or text content
2109,Missing provider,medium,Infer from URL or text content
2110,Missing provider,medium,Infer from URL or text content
2111,Missing provider,medium,Infer from URL or text content
2112,Missing provider,medium,Infer from URL or text content
2113,Missing provider,medium,Infer from URL or text content
2114,Missing provider,medium,Infer from URL or text content
2115,Missing provider,medium,Infer from URL or text content
2116,Missing provider,medium,Infer from URL or text content
2117,Missing provider,medium,Infer from URL or text content
2118,Missing provider,medium,Infer from URL or text content
2119,Missing provider,medium,Infer from URL or text content
2120,Missing provider,medium,Infer from URL or text content
2121,Missing provider,medium,Infer from URL or text content
2122,Missing provider,medium,Infer from URL or text content
2123,Missing provider,medium,Infer from URL or text content
2124,Missing provider,medium,Infer from URL or text content
2125,Missing provider,medium,Infer from URL or text content
2126,Missing provider,medium,Infer from URL or text content
2127,Missing provider,medium,Infer from URL or text content
2128,Missing provider,medium,Infer from URL or text content
2129,Missing provider,medium,Infer from URL or text content
2130,Missing provider,medium,Infer from URL or text content
2131,Missing provider,medium,Infer from URL or text content
2132,Missing provider,medium,Infer from URL or text content
2133,Missing provider,medium,Infer from URL or text content
2134,Missing provider,medium,Infer from URL or text content
2135,Missing provider,medium,Infer from URL or text content
2136,Missing provider,medium,Infer from URL or text content
2137,Missing provider,medium,Infer from URL or text content
2138,Missing provider,medium,Infer from URL or text content
2139,Missing provider,medium,Infer from URL or text content
2140,Missing provider,medium,Infer from URL or text content
2141,Missing provider,medium,Infer from URL or text content
2142,Missing provider,medium,Infer from URL or text content
2143,Missing provider,medium,Infer from URL or text content
2144,Missing provider,medium,Infer from URL or text content
2145,Missing provider,medium,Infer from URL or text content
2146,Missing provider,medium,Infer from URL or text content
2147,Missing provider,medium,Infer from URL or text content
2148,Missing provider,medium,Infer from URL or text content
2149,Missing provider,medium,Infer from URL or text content
2150,Missing provider,medium,Infer from URL or text content
2151,Missing provider,medium,Infer from URL or text content
2152,Missing provider,medium,Infer from URL or text content
2153,Missing provider,medium,Infer from URL or text content
2154,Missing provider,medium,Infer from URL or text content
2155,Missing provider,medium,Infer from URL or text content
2156,Missing provider,medium,Infer from URL or text content
2157,Missing provider,medium,Infer from URL or text content
2158,Missing provider,medium,Infer from URL or text content
2159,Missing provider,medium,Infer from URL or text content
2160,Missing provider,medium,Infer from URL or text content
2161,Missing provider,medium,Infer from URL or text content
2162,Missing provider,medium,Infer from URL or text content
2163,Missing provider,medium,Infer from URL or text content
2164,Missing provider,medium,Infer from URL or text content
2165,Missing provider,medium,Infer from URL or text content
2166,Missing provider,medium,Infer from URL or text content
2167,Missing provider,medium,Infer from URL or text content
2168,Missing provider,medium,Infer from URL or text content
2169,Missing provider,medium,Infer from URL or text content
2170,Missing provider,medium,Infer from URL or text content
2171,Missing provider,medium,Infer from URL or text content
2172,Missing provider,medium,Infer from URL or text content
2173,Missing provider,medium,Infer from URL or text content
2174,Missing provider,medium,Infer from URL or text content
2175,Missing provider,medium,Infer from URL or text content
2176,Missing provider,medium,Infer from URL or text content
2177,Missing provider,medium,Infer from URL or text content
2178,Missing provider,medium,Infer from URL or text content
2179,Missing provider,medium,Infer from URL or text content
2180,Missing provider,medium,Infer from URL or text content
2181,Missing provider,medium,Infer from URL or text content
2182,Missing provider,medium,Infer from URL or text content
2183,Missing provider,medium,Infer from URL or text content
2184,Missing provider,medium,Infer from URL or text content
2185,Missing provider,medium,Infer from URL or text content
2186,Missing provider,medium,Infer from URL or text content
2187,Missing provider,medium,Infer from URL or text content
2188,Missing provider,medium,Infer from URL or text content
2189,Missing provider,medium,Infer from URL or text content
2190,Missing provider,medium,Infer from URL or text content
2191,Missing provider,medium,Infer from URL or text content
2192,Missing provider,medium,Infer from URL or text content
2193,Missing provider,medium,Infer from URL or text content
2194,Missing provider,medium,Infer from URL or text content
2195,Missing provider,medium,Infer from URL or text content
2196,Missing provider,medium,Infer from URL or text content
2197,Missing provider,medium,Infer from URL or text content
2198,Missing provider,medium,Infer from URL or text content
2199,Missing provider,medium,Infer from URL or text content
2200,Missing provider,medium,Infer from URL or text content
2201,Missing provider,medium,Infer from URL or text content
2202,Missing provider,medium,Infer from URL or text content
2203,Missing provider,medium,Infer from URL or text content
2204,Missing provider,medium,Infer from URL or text content
2205,Missing provider,medium,Infer from URL or text content
2206,Missing provider,medium,Infer from URL or text content
2207,Missing provider,medium,Infer from URL or text content
2208,Missing provider,medium,Infer from URL or text content
2209,Missing provider,medium,Infer from URL or text content
2210,Missing provider,medium,Infer from URL or text content
2211,Missing provider,medium,Infer from URL or text content
2212,Missing provider,medium,Infer from URL or text content
2213,Missing provider,medium,Infer from URL or text content
2214,Missing provider,medium,Infer from URL or text content
2215,Missing provider,medium,Infer from URL or text content
2216,Missing provider,medium,Infer from URL or text content
2217,Missing provider,medium,Infer from URL or text content
2218,Missing provider,medium,Infer from URL or text content
2219,Missing provider,medium,Infer from URL or text content
2220,Missing provider,medium,Infer from URL or text content
2221,Missing provider,medium,Infer from URL or text content
2222,Missing provider,medium,Infer from URL or text content
2223,Missing provider,medium,Infer from URL or text content
2224,Missing provider,medium,Infer from URL or text content
2225,Missing provider,medium,Infer from URL or text content
2226,Missing provider,medium,Infer from URL or text content
2227,Missing provider,medium,Infer from URL or text content
2228,Missing provider,medium,Infer from URL or text content
2229,Missing provider,medium,Infer from URL or text content
2230,Missing provider,medium,Infer from URL or text content
2231,Missing provider,medium,Infer from URL or text content
2232,Missing provider,medium,Infer from URL or text content
2233,Missing provider,medium,Infer from URL or text content
2234,Missing provider,medium,Infer from URL or text content
2235,Missing provider,medium,Infer from URL or text content
2236,Missing provider,medium,Infer from URL or text content
2237,Missing provider,medium,Infer from URL or text content
2238,Missing provider,medium,Infer from URL or text content
2239,Missing provider,medium,Infer from URL or text content
2240,Missing provider,medium,Infer from URL or text content
2241,Missing provider,medium,Infer from URL or text content
2242,Missing provider,medium,Infer from URL or text content
2243,Missing provider,medium,Infer from URL or text content
2244,Missing provider,medium,Infer from URL or text content
2245,Missing provider,medium,Infer from URL or text content
2246,Missing provider,medium,Infer from URL or text content
2247,Missing provider,medium,Infer from URL or text content
2248,Missing provider,medium,Infer from URL or text content
2249,Missing provider,medium,Infer from URL or text content
2250,Missing provider,medium,Infer from URL or text content
2251,Missing provider,medium,Infer from URL or text content
2252,Missing provider,medium,Infer from URL or text content
2253,Missing provider,medium,Infer from URL or text content
2254,Missing provider,medium,Infer from URL or text content
2255,Missing provider,medium,Infer from URL or text content
2256,Missing provider,medium,Infer from URL or text content
2257,Missing provider,medium,Infer from URL or text content
2258,Missing provider,medium,Infer from URL or text content
2259,Missing provider,medium,Infer from URL or text content
2260,Missing provider,medium,Infer from URL or text content
2261,Missing provider,medium,Infer from URL or text content
2262,Missing provider,medium,Infer from URL or text content
2263,Missing provider,medium,Infer from URL or text content
2264,Missing provider,medium,Infer from URL or text content
2265,Missing provider,medium,Infer from URL or text content
2266,Missing provider,medium,Infer from URL or text content
2267,Missing provider,medium,Infer from URL or text content
2268,Missing provider,medium,Infer from URL or text content
2269,Missing provider,medium,Infer from URL or text content
2270,Missing provider,medium,Infer from URL or text content
2271,Missing provider,medium,Infer from URL or text content
2272,Missing provider,medium,Infer from URL or text content
2273,Missing provider,medium,Infer from URL or text content
2274,Missing provider,medium,Infer from URL or text content
2275,Missing provider,medium,Infer from URL or text content
2276,Missing provider,medium,Infer from URL or text content
2277,Missing provider,medium,Infer from URL or text content
2278,Missing provider,medium,Infer from URL or text content
2279,Missing provider,medium,Infer from URL or text content
2280,Missing provider,medium,Infer from URL or text content
2281,Missing provider,medium,Infer from URL or text content
2282,Missing provider,medium,Infer from URL or text content
2283,Missing provider,medium,Infer from URL or text content
2284,Missing provider,medium,Infer from URL or text content
2285,Missing provider,medium,Infer from URL or text content
2286,Missing provider,medium,Infer from URL or text content
2287,Missing provider,medium,Infer from URL or text content
2288,Missing provider,medium,Infer from URL or text content
2289,Missing provider,medium,Infer from URL or text content
2290,Missing provider,medium,Infer from URL or text content
2291,Missing provider,medium,Infer from URL or text content
2292,Missing provider,medium,Infer from URL or text content
2293,Missing provider,medium,Infer from URL or text content
2294,Missing provider,medium,Infer from URL or text content
2295,Missing provider,medium,Infer from URL or text content
2297,Missing provider,medium,Infer from URL or text content
2298,Missing provider,medium,Infer from URL or text content
2299,Missing provider,medium,Infer from URL or text content
2300,Missing provider,medium,Infer from URL or text content
2301,Missing provider,medium,Infer from URL or text content
2302,Missing provider,medium,Infer from URL or text content
2303,Missing provider,medium,Infer from URL or text content
2304,Missing provider,medium,Infer from URL or text content
2305,Missing provider,medium,Infer from URL or text content
2306,Missing provider,medium,Infer from URL or text content
2307,Missing provider,medium,Infer from URL or text content
2308,Missing provider,medium,Infer from URL or text content
2309,Missing provider,medium,Infer from URL or text content
2310,Missing provider,medium,Infer from URL or text content
2311,Missing provider,medium,Infer from URL or text content
2312,Missing provider,medium,Infer from URL or text content
2313,Missing provider,medium,Infer from URL or text content
2314,Missing provider,medium,Infer from URL or text content
2315,Missing provider,medium,Infer from URL or text content
2316,Missing provider,medium,Infer from URL or text content
2318,Missing provider,medium,Infer from URL or text content
2319,Missing provider,medium,Infer from URL or text content
2320,Missing provider,medium,Infer from URL or text content
2321,Missing provider,medium,Infer from URL or text content
2322,Missing provider,medium,Infer from URL or text content
2323,Missing provider,medium,Infer from URL or text content
2324,Missing provider,medium,Infer from URL or text content
2325,Missing provider,medium,Infer from URL or text content
2326,Missing provider,medium,Infer from URL or text content
2327,Missing provider,medium,Infer from URL or text content
2328,Missing provider,medium,Infer from URL or text content
2329,Missing provider,medium,Infer from URL or text content
2330,Missing provider,medium,Infer from URL or text content
2331,Missing provider,medium,Infer from URL or text content
2332,Missing provider,medium,Infer from URL or text content
2333,Missing provider,medium,Infer from URL or text content
2334,Missing provider,medium,Infer from URL or text content
2335,Missing provider,medium,Infer from URL or text content
2336,Missing provider,medium,Infer from URL or text content
2337,Missing provider,medium,Infer from URL or text content
2338,Missing provider,medium,Infer from URL or text content
2339,Missing provider,medium,Infer from URL or text content
2340,Missing provider,medium,Infer from URL or text content
2341,Missing provider,medium,Infer from URL or text content
2342,Missing provider,medium,Infer from URL or text content
2343,Missing provider,medium,Infer from URL or text content
2344,Missing provider,medium,Infer from URL or text content
2345,Missing provider,medium,Infer from URL or text content
2346,Missing provider,medium,Infer from URL or text content
2347,Missing provider,medium,Infer from URL or text content
2348,Missing provider,medium,Infer from URL or text content
2349,Missing provider,medium,Infer from URL or text content
2350,Missing provider,medium,Infer from URL or text content
2351,Missing provider,medium,Infer from URL or text content
2352,Missing provider,medium,Infer from URL or text content
2353,Missing provider,medium,Infer from URL or text content
2354,Missing provider,medium,Infer from URL or text content
2355,Missing provider,medium,Infer from URL or text content
2356,Missing provider,medium,Infer from URL or text content
2357,Missing provider,medium,Infer from URL or text content
2358,Missing provider,medium,Infer from URL or text content
2359,Missing provider,medium,Infer from URL or text content
2360,Missing provider,medium,Infer from URL or text content
2361,Missing provider,medium,Infer from URL or text content
2362,Missing provider,medium,Infer from URL or text content
2363,Missing provider,medium,Infer from URL or text content
2364,Missing provider,medium,Infer from URL or text content
2365,Missing provider,medium,Infer from URL or text content
2366,Missing provider,medium,Infer from URL or text content
2367,Missing provider,medium,Infer from URL or text content
2368,Missing provider,medium,Infer from URL or text content
2369,Missing provider,medium,Infer from URL or text content
2370,Missing provider,medium,Infer from URL or text content
2371,Missing provider,medium,Infer from URL or text content
2372,Missing provider,medium,Infer from URL or text content
2373,Missing provider,medium,Infer from URL or text content
2374,Missing provider,medium,Infer from URL or text content
2375,Missing provider,medium,Infer from URL or text content
2376,Missing provider,medium,Infer from URL or text content
2377,Missing provider,medium,Infer from URL or text content
2378,Missing provider,medium,Infer from URL or text content
2379,Missing provider,medium,Infer from URL or text content
2380,Missing provider,medium,Infer from URL or text content
2381,Missing provider,medium,Infer from URL or text content
2382,Missing provider,medium,Infer from URL or text content
2383,Missing provider,medium,Infer from URL or text content
2384,Missing provider,medium,Infer from URL or text content
2385,Missing provider,medium,Infer from URL or text content
2386,Missing provider,medium,Infer from URL or text content
2387,Missing provider,medium,Infer from URL or text content
2388,Missing provider,medium,Infer from URL or text content
2389,Missing provider,medium,Infer from URL or text content
2390,Missing provider,medium,Infer from URL or text content
2391,Missing provider,medium,Infer from URL or text content
2392,Missing provider,medium,Infer from URL or text content
2393,Missing provider,medium,Infer from URL or text content
2394,Missing provider,medium,Infer from URL or text content
2395,Missing provider,medium,Infer from URL or text content
2396,Missing provider,medium,Infer from URL or text content
2397,Missing provider,medium,Infer from URL or text content
2398,Missing provider,medium,Infer from URL or text content
2399,Missing provider,medium,Infer from URL or text content
2400,Missing provider,medium,Infer from URL or text content
2401,Missing provider,medium,Infer from URL or text content
2402,Missing provider,medium,Infer from URL or text content
2403,Missing provider,medium,Infer from URL or text content
2404,Missing provider,medium,Infer from URL or text content
2405,Missing provider,medium,Infer from URL or text content
2406,Missing provider,medium,Infer from URL or text content
2407,Missing provider,medium,Infer from URL or text content
2408,Missing provider,medium,Infer from URL or text content
2409,Missing provider,medium,Infer from URL or text content
2410,Missing provider,medium,Infer from URL or text content
2411,Missing provider,medium,Infer from URL or text content
2412,Missing provider,medium,Infer from URL or text content
2413,Missing provider,medium,Infer from URL or text content
2414,Missing provider,medium,Infer from URL or text content
2415,Missing provider,medium,Infer from URL or text content
2416,Missing provider,medium,Infer from URL or text content
2417,Missing provider,medium,Infer from URL or text content
2427,Missing provider,medium,Infer from URL or text content
2428,Missing provider,medium,Infer from URL or text content
2430,Missing provider,medium,Infer from URL or text content
2431,Missing provider,medium,Infer from URL or text content
2432,Missing provider,medium,Infer from URL or text content
2433,Missing provider,medium,Infer from URL or text content
2434,Missing provider,medium,Infer from URL or text content
2435,Missing provider,medium,Infer from URL or text content
2436,Missing provider,medium,Infer from URL or text content
2437,Missing provider,medium,Infer from URL or text content
2438,Missing provider,medium,Infer from URL or text content
2439,Missing provider,medium,Infer from URL or text content
2440,Missing provider,medium,Infer from URL or text content
2441,Missing provider,medium,Infer from URL or text content
2442,Missing provider,medium,Infer from URL or text content
2443,Missing provider,medium,Infer from URL or text content
2444,Missing provider,medium,Infer from URL or text content
2445,Missing provider,medium,Infer from URL or text content
2446,Missing provider,medium,Infer from URL or text content
2447,Missing provider,medium,Infer from URL or text content
2448,Missing provider,medium,Infer from URL or text content
2449,Missing provider,medium,Infer from URL or text content
2450,Missing provider,medium,Infer from URL or text content
2451,Missing provider,medium,Infer from URL or text content
2452,Missing provider,medium,Infer from URL or text content
2453,Missing provider,medium,Infer from URL or text content
2454,Missing provider,medium,Infer from URL or text content
2455,Missing provider,medium,Infer from URL or text content
2456,Missing provider,medium,Infer from URL or text content
2457,Missing provider,medium,Infer from URL or text content
2458,Missing provider,medium,Infer from URL or text content
2459,Missing provider,medium,Infer from URL or text content
2460,Missing provider,medium,Infer from URL or text content
2461,Missing provider,medium,Infer from URL or text content
2462,Missing provider,medium,Infer from URL or text content
2463,Missing provider,medium,Infer from URL or text content
2464,Missing provider,medium,Infer from URL or text content
2465,Missing provider,medium,Infer from URL or text content
2466,Missing provider,medium,Infer from URL or text content
2467,Missing provider,medium,Infer from URL or text content
2468,Missing provider,medium,Infer from URL or text content
2469,Missing provider,medium,Infer from URL or text content
2470,Missing provider,medium,Infer from URL or text content
2471,Missing provider,medium,Infer from URL or text content
2472,Missing provider,medium,Infer from URL or text content
2473,Missing provider,medium,Infer from URL or text content
2474,Missing provider,medium,Infer from URL or text content
2475,Missing provider,medium,Infer from URL or text content
2476,Missing provider,medium,Infer from URL or text content
2477,Missing provider,medium,Infer from URL or text content
2478,Missing provider,medium,Infer from URL or text content
2479,Missing provider,medium,Infer from URL or text content
2480,Missing provider,medium,Infer from URL or text content
2481,Missing provider,medium,Infer from URL or text content
2482,Missing provider,medium,Infer from URL or text content
2483,Missing provider,medium,Infer from URL or text content
2484,Missing provider,medium,Infer from URL or text content
2485,Missing provider,medium,Infer from URL or text content
2486,Missing provider,medium,Infer from URL or text content
2487,Missing provider,medium,Infer from URL or text content
2488,Missing provider,medium,Infer from URL or text content
2489,Missing provider,medium,Infer from URL or text content
2490,Missing provider,medium,Infer from URL or text content
2491,Missing provider,medium,Infer from URL or text content
2492,Missing provider,medium,Infer from URL or text content
2493,Missing provider,medium,Infer from URL or text content
2494,Missing provider,medium,Infer from URL or text content
2495,Missing provider,medium,Infer from URL or text content
2496,Missing provider,medium,Infer from URL or text content
2497,Missing provider,medium,Infer from URL or text content
2498,Missing provider,medium,Infer from URL or text content
2499,Missing provider,medium,Infer from URL or text content
2500,Missing provider,medium,Infer from URL or text content
2501,Missing provider,medium,Infer from URL or text content
2502,Missing provider,medium,Infer from URL or text content
2503,Missing provider,medium,Infer from URL or text content
2504,Missing provider,medium,Infer from URL or text content
2505,Missing provider,medium,Infer from URL or text content
2506,Missing provider,medium,Infer from URL or text content
2507,Missing provider,medium,Infer from URL or text content
2508,Missing provider,medium,Infer from URL or text content
2509,Missing provider,medium,Infer from URL or text content
2510,Missing provider,medium,Infer from URL or text content
2511,Missing provider,medium,Infer from URL or text content
2512,Missing provider,medium,Infer from URL or text content
2513,Missing provider,medium,Infer from URL or text content
2514,Missing provider,medium,Infer from URL or text content
2515,Missing provider,medium,Infer from URL or text content
2516,Missing provider,medium,Infer from URL or text content
2517,Missing provider,medium,Infer from URL or text content
2518,Missing provider,medium,Infer from URL or text content
2519,Missing provider,medium,Infer from URL or text content
2520,Missing provider,medium,Infer from URL or text content
2521,Missing provider,medium,Infer from URL or text content
2522,Missing provider,medium,Infer from URL or text content
2523,Missing provider,medium,Infer from URL or text content
2524,Missing provider,medium,Infer from URL or text content
2525,Missing provider,medium,Infer from URL or text content
2526,Missing provider,medium,Infer from URL or text content
2527,Missing provider,medium,Infer from URL or text content
2528,Missing provider,medium,Infer from URL or text content
2529,Missing provider,medium,Infer from URL or text content
2530,Missing provider,medium,Infer from URL or text content
2531,Missing provider,medium,Infer from URL or text content
2532,Missing provider,medium,Infer from URL or text content
2533,Missing provider,medium,Infer from URL or text content
2534,Missing provider,medium,Infer from URL or text content
2535,Missing provider,medium,Infer from URL or text content
2536,Missing provider,medium,Infer from URL or text content
2537,Missing provider,medium,Infer from URL or text content
2538,Missing provider,medium,Infer from URL or text content
2539,Missing provider,medium,Infer from URL or text content
2540,Missing provider,medium,Infer from URL or text content
2541,Missing provider,medium,Infer from URL or text content
2542,Missing provider,medium,Infer from URL or text content
2543,Missing provider,medium,Infer from URL or text content
2544,Missing provider,medium,Infer from URL or text content
2545,Missing provider,medium,Infer from URL or text content
2546,Missing provider,medium,Infer from URL or text content
2547,Missing provider,medium,Infer from URL or text content
2548,Missing provider,medium,Infer from URL or text content
2549,Missing provider,medium,Infer from URL or text content
2550,Missing provider,medium,Infer from URL or text content
2551,Missing provider,medium,Infer from URL or text content
2552,Missing provider,medium,Infer from URL or text content
2553,Missing provider,medium,Infer from URL or text content
2554,Missing provider,medium,Infer from URL or text content
2555,Missing provider,medium,Infer from URL or text content
2556,Missing provider,medium,Infer from URL or text content
2557,Missing provider,medium,Infer from URL or text content
2558,Missing provider,medium,Infer from URL or text content
2559,Missing provider,medium,Infer from URL or text content
2560,Missing provider,medium,Infer from URL or text content
2561,Missing provider,medium,Infer from URL or text content
2562,Missing provider,medium,Infer from URL or text content
2563,Missing provider,medium,Infer from URL or text content
2564,Missing provider,medium,Infer from URL or text content
2565,Missing provider,medium,Infer from URL or text content
2566,Missing provider,medium,Infer from URL or text content
2567,Missing provider,medium,Infer from URL or text content
2568,Missing provider,medium,Infer from URL or text content
2569,Missing provider,medium,Infer from URL or text content
2570,Missing provider,medium,Infer from URL or text content
2571,Missing provider,medium,Infer from URL or text content
2572,Missing provider,medium,Infer from URL or text content
2573,Missing provider,medium,Infer from URL or text content
2574,Missing provider,medium,Infer from URL or text content
2575,Missing provider,medium,Infer from URL or text content
2576,Missing provider,medium,Infer from URL or text content
2578,Missing provider,medium,Infer from URL or text content
2579,Missing provider,medium,Infer from URL or text content
2580,Missing provider,medium,Infer from URL or text content
2581,Missing provider,medium,Infer from URL or text content
2582,Missing provider,medium,Infer from URL or text content
2583,Missing provider,medium,Infer from URL or text content
2584,Missing provider,medium,Infer from URL or text content
2585,Missing provider,medium,Infer from URL or text content
2586,Missing provider,medium,Infer from URL or text content
2587,Missing provider,medium,Infer from URL or text content
2588,Missing provider,medium,Infer from URL or text content
2589,Missing provider,medium,Infer from URL or text content
2590,Missing provider,medium,Infer from URL or text content
2591,Missing provider,medium,Infer from URL or text content
2592,Missing provider,medium,Infer from URL or text content
2593,Missing provider,medium,Infer from URL or text content
2594,Missing provider,medium,Infer from URL or text content
2595,Missing provider,medium,Infer from URL or text content
2596,Missing provider,medium,Infer from URL or text content
2597,Missing provider,medium,Infer from URL or text content
2598,Missing provider,medium,Infer from URL or text content
2599,Missing provider,medium,Infer from URL or text content
2600,Missing provider,medium,Infer from URL or text content
2601,Missing provider,medium,Infer from URL or text content
2602,Missing provider,medium,Infer from URL or text content
2603,Missing provider,medium,Infer from URL or text content
2604,Missing provider,medium,Infer from URL or text content
2605,Missing provider,medium,Infer from URL or text content
2606,Missing provider,medium,Infer from URL or text content
2607,Missing provider,medium,Infer from URL or text content
2608,Missing provider,medium,Infer from URL or text content
2609,Missing provider,medium,Infer from URL or text content
2610,Missing provider,medium,Infer from URL or text content
2611,Missing provider,medium,Infer from URL or text content
2612,Missing provider,medium,Infer from URL or text content
2613,Missing provider,medium,Infer from URL or text content
2614,Missing provider,medium,Infer from URL or text content
2615,Missing provider,medium,Infer from URL or text content
2616,Missing provider,medium,Infer from URL or text content
2617,Missing provider,medium,Infer from URL or text content
2618,Missing provider,medium,Infer from URL or text content
2619,Missing provider,medium,Infer from URL or text content
2620,Missing provider,medium,Infer from URL or text content
2621,Missing provider,medium,Infer from URL or text content
2622,Missing provider,medium,Infer from URL or text content
2623,Missing provider,medium,Infer from URL or text content
2624,Missing provider,medium,Infer from URL or text content
2625,Missing provider,medium,Infer from URL or text content
2626,Missing provider,medium,Infer from URL or text content
2627,Missing provider,medium,Infer from URL or text content
2628,Missing provider,medium,Infer from URL or text content
2629,Missing provider,medium,Infer from URL or text content
2630,Missing provider,medium,Infer from URL or text content
2631,Missing provider,medium,Infer from URL or text content
2632,Missing provider,medium,Infer from URL or text content
2633,Missing provider,medium,Infer from URL or text content
2634,Missing provider,medium,Infer from URL or text content
2635,Missing provider,medium,Infer from URL or text content
2636,Missing provider,medium,Infer from URL or text content
2637,Missing provider,medium,Infer from URL or text content
2638,Missing provider,medium,Infer from URL or text content
2639,Missing provider,medium,Infer from URL or text content
2640,Missing provider,medium,Infer from URL or text content
2641,Missing provider,medium,Infer from URL or text content
2642,Missing provider,medium,Infer from URL or text content
2643,Missing provider,medium,Infer from URL or text content
2644,Missing provider,medium,Infer from URL or text content
2645,Missing provider,medium,Infer from URL or text content
2646,Missing provider,medium,Infer from URL or text content
2647,Missing provider,medium,Infer from URL or text content
2648,Missing provider,medium,Infer from URL or text content
2649,Missing provider,medium,Infer from URL or text content
2650,Missing provider,medium,Infer from URL or text content
2651,Missing provider,medium,Infer from URL or text content
2652,Missing provider,medium,Infer from URL or text content
2653,Missing provider,medium,Infer from URL or text content
2654,Missing provider,medium,Infer from URL or text content
2655,Missing provider,medium,Infer from URL or text content
2656,Missing provider,medium,Infer from URL or text content
2657,Missing provider,medium,Infer from URL or text content
2658,Missing provider,medium,Infer from URL or text content
2659,Missing provider,medium,Infer from URL or text content
2660,Missing provider,medium,Infer from URL or text content
2661,Missing provider,medium,Infer from URL or text content
2662,Missing provider,medium,Infer from URL or text content
2663,Missing provider,medium,Infer from URL or text content
2664,Missing provider,medium,Infer from URL or text content
2665,Missing provider,medium,Infer from URL or text content
2666,Missing provider,medium,Infer from URL or text content
2667,Missing provider,medium,Infer from URL or text content
2668,Missing provider,medium,Infer from URL or text content
2669,Missing provider,medium,Infer from URL or text content
2670,Missing provider,medium,Infer from URL or text content
2671,Missing provider,medium,Infer from URL or text content
2672,Missing provider,medium,Infer from URL or text content
2673,Missing provider,medium,Infer from URL or text content
2674,Missing provider,medium,Infer from URL or text content
2675,Missing provider,medium,Infer from URL or text content
2676,Missing provider,medium,Infer from URL or text content
2677,Missing provider,medium,Infer from URL or text content
2678,Missing provider,medium,Infer from URL or text content
2679,Missing provider,medium,Infer from URL or text content
2680,Missing provider,medium,Infer from URL or text content
2681,Missing provider,medium,Infer from URL or text content
2682,Missing provider,medium,Infer from URL or text content
2683,Missing provider,medium,Infer from URL or text content
2684,Missing provider,medium,Infer from URL or text content
2685,Missing provider,medium,Infer from URL or text content
2686,Missing provider,medium,Infer from URL or text content
2687,Missing provider,medium,Infer from URL or text content
2688,Missing provider,medium,Infer from URL or text content
2689,Missing provider,medium,Infer from URL or text content
2690,Missing provider,medium,Infer from URL or text content
2691,Missing provider,medium,Infer from URL or text content
2692,Missing provider,medium,Infer from URL or text content
2693,Missing provider,medium,Infer from URL or text content
2694,Missing provider,medium,Infer from URL or text content
2695,Missing provider,medium,Infer from URL or text content
2696,Missing provider,medium,Infer from URL or text content
2697,Missing provider,medium,Infer from URL or text content
2698,Missing provider,medium,Infer from URL or text content
2699,Missing provider,medium,Infer from URL or text content
2700,Missing provider,medium,Infer from URL or text content
2701,Missing provider,medium,Infer from URL or text content
2702,Missing provider,medium,Infer from URL or text content
2703,Missing provider,medium,Infer from URL or text content
2704,Missing provider,medium,Infer from URL or text content
2705,Missing provider,medium,Infer from URL or text content
2706,Missing provider,medium,Infer from URL or text content
2707,Missing provider,medium,Infer from URL or text content
2708,Missing provider,medium,Infer from URL or text content
2709,Missing provider,medium,Infer from URL or text content
2710,Missing provider,medium,Infer from URL or text content
2711,Missing provider,medium,Infer from URL or text content
2712,Missing provider,medium,Infer from URL or text content
2713,Missing provider,medium,Infer from URL or text content
2714,Missing provider,medium,Infer from URL or text content
2715,Missing provider,medium,Infer from URL or text content
2716,Missing provider,medium,Infer from URL or text content
2717,Missing provider,medium,Infer from URL or text content
2718,Missing provider,medium,Infer from URL or text content
2719,Missing provider,medium,Infer from URL or text content
2720,Missing provider,medium,Infer from URL or text content
2721,Missing provider,medium,Infer from URL or text content
2722,Missing provider,medium,Infer from URL or text content
2723,Missing provider,medium,Infer from URL or text content
2724,Missing provider,medium,Infer from URL or text content
2725,Missing provider,medium,Infer from URL or text content
2726,Missing provider,medium,Infer from URL or text content
2727,Missing provider,medium,Infer from URL or text content
2728,Missing provider,medium,Infer from URL or text content
2729,Missing provider,medium,Infer from URL or text content
2730,Missing provider,medium,Infer from URL or text content
2731,Missing provider,medium,Infer from URL or text content
2732,Missing provider,medium,Infer from URL or text content
2733,Missing provider,medium,Infer from URL or text content
2734,Missing provider,medium,Infer from URL or text content
2735,Missing provider,medium,Infer from URL or text content
2736,Missing provider,medium,Infer from URL or text content
2737,Missing provider,medium,Infer from URL or text content
2738,Missing provider,medium,Infer from URL or text content
2739,Missing provider,medium,Infer from URL or text content
2740,Missing provider,medium,Infer from URL or text content
2741,Missing provider,medium,Infer from URL or text content
2742,Missing provider,medium,Infer from URL or text content
2743,Missing provider,medium,Infer from URL or text content
2744,Missing provider,medium,Infer from URL or text content
2745,Missing provider,medium,Infer from URL or text content
2746,Missing provider,medium,Infer from URL or text content
2747,Missing provider,medium,Infer from URL or text content
2748,Missing provider,medium,Infer from URL or text content
2749,Missing provider,medium,Infer from URL or text content
2750,Missing provider,medium,Infer from URL or text content
2751,Missing provider,medium,Infer from URL or text content
2752,Missing provider,medium,Infer from URL or text content
2753,Missing provider,medium,Infer from URL or text content
2754,Missing provider,medium,Infer from URL or text content
2755,Missing provider,medium,Infer from URL or text content
2756,Missing provider,medium,Infer from URL or text content
2757,Missing provider,medium,Infer from URL or text content
2758,Missing provider,medium,Infer from URL or text content
2759,Missing provider,medium,Infer from URL or text content
2760,Missing provider,medium,Infer from URL or text content
2761,Missing provider,medium,Infer from URL or text content
2762,Missing provider,medium,Infer from URL or text content
2763,Missing provider,medium,Infer from URL or text content
2764,Missing provider,medium,Infer from URL or text content
2765,Missing provider,medium,Infer from URL or text content
2766,Missing provider,medium,Infer from URL or text content
2767,Missing provider,medium,Infer from URL or text content
2768,Missing provider,medium,Infer from URL or text content
2769,Missing provider,medium,Infer from URL or text content
2770,Missing provider,medium,Infer from URL or text content
2771,Missing provider,medium,Infer from URL or text content
2772,Missing provider,medium,Infer from URL or text content
2773,Missing provider,medium,Infer from URL or text content
2774,Missing provider,medium,Infer from URL or text content
2775,Missing provider,medium,Infer from URL or text content
2776,Missing provider,medium,Infer from URL or text content
2777,Missing provider,medium,Infer from URL or text content
2778,Missing provider,medium,Infer from URL or text content
2779,Missing provider,medium,Infer from URL or text content
2780,Missing provider,medium,Infer from URL or text content
2781,Missing provider,medium,Infer from URL or text content
2782,Missing provider,medium,Infer from URL or text content
2783,Missing provider,medium,Infer from URL or text content
2784,Missing provider,medium,Infer from URL or text content
2785,Missing provider,medium,Infer from URL or text content
2786,Missing provider,medium,Infer from URL or text content
2787,Missing provider,medium,Infer from URL or text content
2788,Missing provider,medium,Infer from URL or text content
2789,Missing provider,medium,Infer from URL or text content
2790,Missing provider,medium,Infer from URL or text content
2791,Missing provider,medium,Infer from URL or text content
2792,Missing provider,medium,Infer from URL or text content
2793,Missing provider,medium,Infer from URL or text content
2794,Missing provider,medium,Infer from URL or text content
2795,Missing provider,medium,Infer from URL or text content
2796,Missing provider,medium,Infer from URL or text content
2797,Missing provider,medium,Infer from URL or text content
2798,Missing provider,medium,Infer from URL or text content
2799,Missing provider,medium,Infer from URL or text content
2800,Missing provider,medium,Infer from URL or text content
2801,Missing provider,medium,Infer from URL or text content
2802,Missing provider,medium,Infer from URL or text content
2803,Missing provider,medium,Infer from URL or text content
2804,Missing provider,medium,Infer from URL or text content
2805,Missing provider,medium,Infer from URL or text content
2806,Missing provider,medium,Infer from URL or text content
2807,Missing provider,medium,Infer from URL or text content
2808,Missing provider,medium,Infer from URL or text content
2809,Missing provider,medium,Infer from URL or text content
2810,Missing provider,medium,Infer from URL or text content
2811,Missing provider,medium,Infer from URL or text content
2812,Missing provider,medium,Infer from URL or text content
2813,Missing provider,medium,Infer from URL or text content
2814,Missing provider,medium,Infer from URL or text content
2815,Missing provider,medium,Infer from URL or text content
2816,Missing provider,medium,Infer from URL or text content
2817,Missing provider,medium,Infer from URL or text content
2818,Missing provider,medium,Infer from URL or text content
2819,Missing provider,medium,Infer from URL or text content
2820,Missing provider,medium,Infer from URL or text content
2821,Missing provider,medium,Infer from URL or text content
2822,Missing provider,medium,Infer from URL or text content
2823,Missing provider,medium,Infer from URL or text content
2824,Missing provider,medium,Infer from URL or text content
2825,Missing provider,medium,Infer from URL or text content
2826,Missing provider,medium,Infer from URL or text content
2827,Missing provider,medium,Infer from URL or text content
2828,Missing provider,medium,Infer from URL or text content
2829,Missing provider,medium,Infer from URL or text content
2830,Missing provider,medium,Infer from URL or text content
2831,Missing provider,medium,Infer from URL or text content
2832,Missing provider,medium,Infer from URL or text content
2833,Missing provider,medium,Infer from URL or text content
2834,Missing provider,medium,Infer from URL or text content
2835,Missing provider,medium,Infer from URL or text content
2836,Missing provider,medium,Infer from URL or text content
2837,Missing provider,medium,Infer from URL or text content
2838,Missing provider,medium,Infer from URL or text content
2839,Missing provider,medium,Infer from URL or text content
2840,Missing provider,medium,Infer from URL or text content
2841,Missing provider,medium,Infer from URL or text content
2842,Missing provider,medium,Infer from URL or text content
2843,Missing provider,medium,Infer from URL or text content
2844,Missing provider,medium,Infer from URL or text content
2845,Missing provider,medium,Infer from URL or text content
2846,Missing provider,medium,Infer from URL or text content
2847,Missing provider,medium,Infer from URL or text content
2848,Missing provider,medium,Infer from URL or text content
2849,Missing provider,medium,Infer from URL or text content
2850,Missing provider,medium,Infer from URL or text content
2851,Missing provider,medium,Infer from URL or text content
2852,Missing provider,medium,Infer from URL or text content
2853,Missing provider,medium,Infer from URL or text content
2854,Missing provider,medium,Infer from URL or text content
2855,Missing provider,medium,Infer from URL or text content
2856,Missing provider,medium,Infer from URL or text content
2857,Missing provider,medium,Infer from URL or text content
2858,Missing provider,medium,Infer from URL or text content
2859,Missing provider,medium,Infer from URL or text content
2860,Missing provider,medium,Infer from URL or text content
2861,Missing provider,medium,Infer from URL or text content
2862,Missing provider,medium,Infer from URL or text content
2863,Missing provider,medium,Infer from URL or text content
2864,Missing provider,medium,Infer from URL or text content
2865,Missing provider,medium,Infer from URL or text content
2866,Missing provider,medium,Infer from URL or text content
2867,Missing provider,medium,Infer from URL or text content
2868,Missing provider,medium,Infer from URL or text content
2869,Missing provider,medium,Infer from URL or text content
2870,Missing provider,medium,Infer from URL or text content
2871,Missing provider,medium,Infer from URL or text content
2872,Missing provider,medium,Infer from URL or text content
2873,Missing provider,medium,Infer from URL or text content
2874,Missing provider,medium,Infer from URL or text content
2875,Missing provider,medium,Infer from URL or text content
2876,Missing provider,medium,Infer from URL or text content
2877,Missing provider,medium,Infer from URL or text content
2878,Missing provider,medium,Infer from URL or text content
2879,Missing provider,medium,Infer from URL or text content
2880,Missing provider,medium,Infer from URL or text content
2881,Missing provider,medium,Infer from URL or text content
2882,Missing provider,medium,Infer from URL or text content
2883,Missing provider,medium,Infer from URL or text content
2884,Missing provider,medium,Infer from URL or text content
2885,Missing provider,medium,Infer from URL or text content
2886,Missing provider,medium,Infer from URL or text content
2887,Missing provider,medium,Infer from URL or text content
2888,Missing provider,medium,Infer from URL or text content
2889,Missing provider,medium,Infer from URL or text content
2890,Missing provider,medium,Infer from URL or text content
2891,Missing provider,medium,Infer from URL or text content
2892,Missing provider,medium,Infer from URL or text content
2893,Missing provider,medium,Infer from URL or text content
2894,Missing provider,medium,Infer from URL or text content
2895,Missing provider,medium,Infer from URL or text content
2896,Missing provider,medium,Infer from URL or text content
2897,Missing provider,medium,Infer from URL or text content
2898,Missing provider,medium,Infer from URL or text content
2899,Missing provider,medium,Infer from URL or text content
2900,Missing provider,medium,Infer from URL or text content
2901,Missing provider,medium,Infer from URL or text content
2902,Missing provider,medium,Infer from URL or text content
2903,Missing provider,medium,Infer from URL or text content
2904,Missing provider,medium,Infer from URL or text content
2905,Missing provider,medium,Infer from URL or text content
2906,Missing provider,medium,Infer from URL or text content
2907,Missing provider,medium,Infer from URL or text content
2908,Missing provider,medium,Infer from URL or text content
2909,Missing provider,medium,Infer from URL or text content
2910,Missing provider,medium,Infer from URL or text content
2911,Missing provider,medium,Infer from URL or text content
2912,Missing provider,medium,Infer from URL or text content
2913,Missing provider,medium,Infer from URL or text content
2914,Missing provider,medium,Infer from URL or text content
2915,Missing provider,medium,Infer from URL or text content
2916,Missing provider,medium,Infer from URL or text content
2917,Missing provider,medium,Infer from URL or text content
2918,Missing provider,medium,Infer from URL or text content
2919,Missing provider,medium,Infer from URL or text content
2920,Missing provider,medium,Infer from URL or text content
2921,Missing provider,medium,Infer from URL or text content
2922,Missing provider,medium,Infer from URL or text content
2923,Missing provider,medium,Infer from URL or text content
2924,Missing provider,medium,Infer from URL or text content
2925,Missing provider,medium,Infer from URL or text content
2926,Missing provider,medium,Infer from URL or text content
2927,Missing provider,medium,Infer from URL or text content
2928,Missing provider,medium,Infer from URL or text content
2929,Missing provider,medium,Infer from URL or text content
2930,Missing provider,medium,Infer from URL or text content
2931,Missing provider,medium,Infer from URL or text content
2932,Missing provider,medium,Infer from URL or text content
2933,Missing provider,medium,Infer from URL or text content
2934,Missing provider,medium,Infer from URL or text content
2935,Missing provider,medium,Infer from URL or text content
2936,Missing provider,medium,Infer from URL or text content
2937,Missing provider,medium,Infer from URL or text content
2938,Missing provider,medium,Infer from URL or text content
2939,Missing provider,medium,Infer from URL or text content
2940,Missing provider,medium,Infer from URL or text content
2941,Missing provider,medium,Infer from URL or text content
2942,Missing provider,medium,Infer from URL or text content
2943,Missing provider,medium,Infer from URL or text content
2944,Missing provider,medium,Infer from URL or text content
2945,Missing provider,medium,Infer from URL or text content
2946,Missing provider,medium,Infer from URL or text content
2947,Missing provider,medium,Infer from URL or text content
2948,Missing provider,medium,Infer from URL or text content
2949,Missing provider,medium,Infer from URL or text content
2950,Missing provider,medium,Infer from URL or text content
2951,Missing provider,medium,Infer from URL or text content
2952,Missing provider,medium,Infer from URL or text content
2953,Missing provider,medium,Infer from URL or text content
2954,Missing provider,medium,Infer from URL or text content
2955,Missing provider,medium,Infer from URL or text content
2956,Missing provider,medium,Infer from URL or text content
2957,Missing provider,medium,Infer from URL or text content
2958,Missing provider,medium,Infer from URL or text content
2959,Missing provider,medium,Infer from URL or text content
2960,Missing provider,medium,Infer from URL or text content
2961,Missing provider,medium,Infer from URL or text content
2962,Missing provider,medium,Infer from URL or text content
2963,Missing provider,medium,Infer from URL or text content
2964,Missing provider,medium,Infer from URL or text content
2965,Missing provider,medium,Infer from URL or text content
2967,Missing provider,medium,Infer from URL or text content
2968,Missing provider,medium,Infer from URL or text content
2969,Missing provider,medium,Infer from URL or text content
2970,Missing provider,medium,Infer from URL or text content
2971,Missing provider,medium,Infer from URL or text content
2972,Missing provider,medium,Infer from URL or text content
2973,Missing provider,medium,Infer from URL or text content
2974,Missing provider,medium,Infer from URL or text content
2975,Missing provider,medium,Infer from URL or text content
2976,Missing provider,medium,Infer from URL or text content
2977,Missing provider,medium,Infer from URL or text content
2978,Missing provider,medium,Infer from URL or text content
2979,Missing provider,medium,Infer from URL or text content
2980,Missing provider,medium,Infer from URL or text content
2981,Missing provider,medium,Infer from URL or text content
2982,Missing provider,medium,Infer from URL or text content
2983,Missing provider,medium,Infer from URL or text content
2984,Missing provider,medium,Infer from URL or text content
2985,Missing provider,medium,Infer from URL or text content
2986,Missing provider,medium,Infer from URL or text content
2987,Missing provider,medium,Infer from URL or text content
2988,Missing provider,medium,Infer from URL or text content
2989,Missing provider,medium,Infer from URL or text content
2990,Missing provider,medium,Infer from URL or text content
2991,Missing provider,medium,Infer from URL or text content
2992,Missing provider,medium,Infer from URL or text content
2993,Missing provider,medium,Infer from URL or text content
2994,Missing provider,medium,Infer from URL or text content
2995,Missing provider,medium,Infer from URL or text content
2996,Missing provider,medium,Infer from URL or text content
2997,Missing provider,medium,Infer from URL or text content
2998,Missing provider,medium,Infer from URL or text content
2999,Missing provider,medium,Infer from URL or text content
3000,Missing provider,medium,Infer from URL or text content
3001,Missing provider,medium,Infer from URL or text content
3002,Missing provider,medium,Infer from URL or text content
3003,Missing provider,medium,Infer from URL or text content
3004,Missing provider,medium,Infer from URL or text content
3005,Missing provider,medium,Infer from URL or text content
3006,Missing provider,medium,Infer from URL or text content
3007,Missing provider,medium,Infer from URL or text content
3008,Missing provider,medium,Infer from URL or text content
3009,Missing provider,medium,Infer from URL or text content
3010,Missing provider,medium,Infer from URL or text content
3011,Missing provider,medium,Infer from URL or text content
3012,Missing provider,medium,Infer from URL or text content
3013,Missing provider,medium,Infer from URL or text content
3015,Missing provider,medium,Infer from URL or text content
3016,Missing provider,medium,Infer from URL or text content
3017,Missing provider,medium,Infer from URL or text content
3018,Missing provider,medium,Infer from URL or text content
3019,Missing provider,medium,Infer from URL or text content
3020,Missing provider,medium,Infer from URL or text content
3021,Missing provider,medium,Infer from URL or text content
3022,Missing provider,medium,Infer from URL or text content
3023,Missing provider,medium,Infer from URL or text content
3024,Missing provider,medium,Infer from URL or text content
3025,Missing provider,medium,Infer from URL or text content
3026,Missing provider,medium,Infer from URL or text content
3027,Missing provider,medium,Infer from URL or text content
3028,Missing provider,medium,Infer from URL or text content
3029,Missing provider,medium,Infer from URL or text content
3030,Missing provider,medium,Infer from URL or text content
3031,Missing provider,medium,Infer from URL or text content
3032,Missing provider,medium,Infer from URL or text content
3033,Missing provider,medium,Infer from URL or text content
3034,Missing provider,medium,Infer from URL or text content
3035,Missing provider,medium,Infer from URL or text content
3036,Missing provider,medium,Infer from URL or text content
3037,Missing provider,medium,Infer from URL or text content
3039,Missing provider,medium,Infer from URL or text content
3040,Missing provider,medium,Infer from URL or text content
3041,Missing provider,medium,Infer from URL or text content
3042,Missing provider,medium,Infer from URL or text content
3043,Missing provider,medium,Infer from URL or text content
3044,Missing provider,medium,Infer from URL or text content
3045,Missing provider,medium,Infer from URL or text content
3046,Missing provider,medium,Infer from URL or text content
3047,Missing provider,medium,Infer from URL or text content
3048,Missing provider,medium,Infer from URL or text content
3049,Missing provider,medium,Infer from URL or text content
3050,Missing provider,medium,Infer from URL or text content
3051,Missing provider,medium,Infer from URL or text content
3052,Missing provider,medium,Infer from URL or text content
3053,Missing provider,medium,Infer from URL or text content
3054,Missing provider,medium,Infer from URL or text content
3055,Missing provider,medium,Infer from URL or text content
3056,Missing provider,medium,Infer from URL or text content
3057,Missing provider,medium,Infer from URL or text content
3058,Missing provider,medium,Infer from URL or text content
3059,Missing provider,medium,Infer from URL or text content
3060,Missing provider,medium,Infer from URL or text content
3061,Missing provider,medium,Infer from URL or text content
3062,Missing provider,medium,Infer from URL or text content
3063,Missing provider,medium,Infer from URL or text content
3064,Missing provider,medium,Infer from URL or text content
3065,Missing provider,medium,Infer from URL or text content
3066,Missing provider,medium,Infer from URL or text content
3067,Missing provider,medium,Infer from URL or text content
3068,Missing provider,medium,Infer from URL or text content
3069,Missing provider,medium,Infer from URL or text content
3070,Missing provider,medium,Infer from URL or text content
3071,Missing provider,medium,Infer from URL or text content
3072,Missing provider,medium,Infer from URL or text content
3073,Missing provider,medium,Infer from URL or text content
3074,Missing provider,medium,Infer from URL or text content
3075,Missing provider,medium,Infer from URL or text content
3076,Missing provider,medium,Infer from URL or text content
3077,Missing provider,medium,Infer from URL or text content
3078,Missing provider,medium,Infer from URL or text content
3079,Missing provider,medium,Infer from URL or text content
3080,Missing provider,medium,Infer from URL or text content
3081,Missing provider,medium,Infer from URL or text content
3082,Missing provider,medium,Infer from URL or text content
3083,Missing provider,medium,Infer from URL or text content
3084,Missing provider,medium,Infer from URL or text content
3085,Missing provider,medium,Infer from URL or text content
3086,Missing provider,medium,Infer from URL or text content
3087,Missing provider,medium,Infer from URL or text content
3088,Missing provider,medium,Infer from URL or text content
3089,Missing provider,medium,Infer from URL or text content
3090,Missing provider,medium,Infer from URL or text content
3091,Missing provider,medium,Infer from URL or text content
3092,Missing provider,medium,Infer from URL or text content
3093,Missing provider,medium,Infer from URL or text content
3094,Missing provider,medium,Infer from URL or text content
3095,Missing provider,medium,Infer from URL or text content
3096,Missing provider,medium,Infer from URL or text content
3097,Missing provider,medium,Infer from URL or text content
3098,Missing provider,medium,Infer from URL or text content
3099,Missing provider,medium,Infer from URL or text content
3100,Missing provider,medium,Infer from URL or text content
3101,Missing provider,medium,Infer from URL or text content
3102,Missing provider,medium,Infer from URL or text content
3103,Missing provider,medium,Infer from URL or text content
3104,Missing provider,medium,Infer from URL or text content
3105,Missing provider,medium,Infer from URL or text content
3106,Missing provider,medium,Infer from URL or text content
3107,Missing provider,medium,Infer from URL or text content
3108,Missing provider,medium,Infer from URL or text content
3109,Missing provider,medium,Infer from URL or text content
3110,Missing provider,medium,Infer from URL or text content
3111,Missing provider,medium,Infer from URL or text content
3112,Missing provider,medium,Infer from URL or text content
3113,Missing provider,medium,Infer from URL or text content
3114,Missing provider,medium,Infer from URL or text content
3115,Missing provider,medium,Infer from URL or text content
3116,Missing provider,medium,Infer from URL or text content
3117,Missing provider,medium,Infer from URL or text content
3118,Missing provider,medium,Infer from URL or text content
3119,Missing provider,medium,Infer from URL or text content
3120,Missing provider,medium,Infer from URL or text content
3121,Missing provider,medium,Infer from URL or text content
3122,Missing provider,medium,Infer from URL or text content
3123,Missing provider,medium,Infer from URL or text content
3124,Missing provider,medium,Infer from URL or text content
3125,Missing provider,medium,Infer from URL or text content
3126,Missing provider,medium,Infer from URL or text content
3127,Missing provider,medium,Infer from URL or text content
3128,Missing provider,medium,Infer from URL or text content
3129,Missing provider,medium,Infer from URL or text content
3130,Missing provider,medium,Infer from URL or text content
3131,Missing provider,medium,Infer from URL or text content
3132,Missing provider,medium,Infer from URL or text content
3133,Missing provider,medium,Infer from URL or text content
3134,Missing provider,medium,Infer from URL or text content
3135,Missing provider,medium,Infer from URL or text content
3136,Missing provider,medium,Infer from URL or text content
3137,Missing provider,medium,Infer from URL or text content
3138,Missing provider,medium,Infer from URL or text content
3139,Missing provider,medium,Infer from URL or text content
3140,Missing provider,medium,Infer from URL or text content
3141,Missing provider,medium,Infer from URL or text content
3142,Missing provider,medium,Infer from URL or text content
3143,Missing provider,medium,Infer from URL or text content
3144,Missing provider,medium,Infer from URL or text content
3145,Missing provider,medium,Infer from URL or text content
3146,Missing provider,medium,Infer from URL or text content
3147,Missing provider,medium,Infer from URL or text content
3148,Missing provider,medium,Infer from URL or text content
3149,Missing provider,medium,Infer from URL or text content
3150,Missing provider,medium,Infer from URL or text content
3151,Missing provider,medium,Infer from URL or text content
3152,Missing provider,medium,Infer from URL or text content
3153,Missing provider,medium,Infer from URL or text content
3154,Missing provider,medium,Infer from URL or text content
3155,Missing provider,medium,Infer from URL or text content
3156,Missing provider,medium,Infer from URL or text content
3157,Missing provider,medium,Infer from URL or text content
3158,Missing provider,medium,Infer from URL or text content
3159,Missing provider,medium,Infer from URL or text content
3160,Missing provider,medium,Infer from URL or text content
3161,Missing provider,medium,Infer from URL or text content
3162,Missing provider,medium,Infer from URL or text content
3163,Missing provider,medium,Infer from URL or text content
3164,Missing provider,medium,Infer from URL or text content
3165,Missing provider,medium,Infer from URL or text content
3166,Missing provider,medium,Infer from URL or text content
3167,Missing provider,medium,Infer from URL or text content
3168,Missing provider,medium,Infer from URL or text content
3169,Missing provider,medium,Infer from URL or text content
3170,Missing provider,medium,Infer from URL or text content
3171,Missing provider,medium,Infer from URL or text content
3172,Missing provider,medium,Infer from URL or text content
3173,Missing provider,medium,Infer from URL or text content
3174,Missing provider,medium,Infer from URL or text content
3175,Missing provider,medium,Infer from URL or text content
3176,Missing provider,medium,Infer from URL or text content
3177,Missing provider,medium,Infer from URL or text content
3178,Missing provider,medium,Infer from URL or text content
3179,Missing provider,medium,Infer from URL or text content
3180,Missing provider,medium,Infer from URL or text content
3181,Missing provider,medium,Infer from URL or text content
3182,Missing provider,medium,Infer from URL or text content
3183,Missing provider,medium,Infer from URL or text content
3184,Missing provider,medium,Infer from URL or text content
3185,Missing provider,medium,Infer from URL or text content
3186,Missing provider,medium,Infer from URL or text content
3187,Missing provider,medium,Infer from URL or text content
3188,Missing provider,medium,Infer from URL or text content
3189,Missing provider,medium,Infer from URL or text content
3190,Missing provider,medium,Infer from URL or text content
3191,Missing provider,medium,Infer from URL or text content
3192,Missing provider,medium,Infer from URL or text content
3193,Missing provider,medium,Infer from URL or text content
3194,Missing provider,medium,Infer from URL or text content
3195,Missing provider,medium,Infer from URL or text content
3196,Missing provider,medium,Infer from URL or text content
3197,Missing provider,medium,Infer from URL or text content
3198,Missing provider,medium,Infer from URL or text content
3199,Missing provider,medium,Infer from URL or text content
3200,Missing provider,medium,Infer from URL or text content
3201,Missing provider,medium,Infer from URL or text content
3202,Missing provider,medium,Infer from URL or text content
3203,Missing provider,medium,Infer from URL or text content
3204,Missing provider,medium,Infer from URL or text content
3205,Missing provider,medium,Infer from URL or text content
3206,Missing provider,medium,Infer from URL or text content
3207,Missing provider,medium,Infer from URL or text content
3208,Missing provider,medium,Infer from URL or text content
3209,Missing provider,medium,Infer from URL or text content
3210,Missing provider,medium,Infer from URL or text content
3211,Missing provider,medium,Infer from URL or text content
3212,Missing provider,medium,Infer from URL or text content
3213,Missing provider,medium,Infer from URL or text content
3214,Missing provider,medium,Infer from URL or text content
3215,Missing provider,medium,Infer from URL or text content
3216,Missing provider,medium,Infer from URL or text content
3217,Missing provider,medium,Infer from URL or text content
3218,Missing provider,medium,Infer from URL or text content
3219,Missing provider,medium,Infer from URL or text content
3220,Missing provider,medium,Infer from URL or text content
3221,Missing provider,medium,Infer from URL or text content
3222,Missing provider,medium,Infer from URL or text content
3223,Missing provider,medium,Infer from URL or text content
3224,Missing provider,medium,Infer from URL or text content
3225,Missing provider,medium,Infer from URL or text content
3226,Missing provider,medium,Infer from URL or text content
3227,Missing provider,medium,Infer from URL or text content
3228,Missing provider,medium,Infer from URL or text content
3229,Missing provider,medium,Infer from URL or text content
3230,Missing provider,medium,Infer from URL or text content
3231,Missing provider,medium,Infer from URL or text content
3232,Missing provider,medium,Infer from URL or text content
3233,Missing provider,medium,Infer from URL or text content
3234,Missing provider,medium,Infer from URL or text content
3235,Missing provider,medium,Infer from URL or text content
3236,Missing provider,medium,Infer from URL or text content
3237,Missing provider,medium,Infer from URL or text content
3238,Missing provider,medium,Infer from URL or text content
3239,Missing provider,medium,Infer from URL or text content
3240,Missing provider,medium,Infer from URL or text content
3241,Missing provider,medium,Infer from URL or text content
3242,Missing provider,medium,Infer from URL or text content
3243,Missing provider,medium,Infer from URL or text content
3244,Missing provider,medium,Infer from URL or text content
3245,Missing provider,medium,Infer from URL or text content
3246,Missing provider,medium,Infer from URL or text content
3247,Missing provider,medium,Infer from URL or text content
3248,Missing provider,medium,Infer from URL or text content
3249,Missing provider,medium,Infer from URL or text content
3250,Missing provider,medium,Infer from URL or text content
3251,Missing provider,medium,Infer from URL or text content
3252,Missing provider,medium,Infer from URL or text content
3253,Missing provider,medium,Infer from URL or text content
3254,Missing provider,medium,Infer from URL or text content
3255,Missing provider,medium,Infer from URL or text content
3256,Missing provider,medium,Infer from URL or text content
3257,Missing provider,medium,Infer from URL or text content
3258,Missing provider,medium,Infer from URL or text content
3259,Missing provider,medium,Infer from URL or text content
3260,Missing provider,medium,Infer from URL or text content
3261,Missing provider,medium,Infer from URL or text content
3262,Missing provider,medium,Infer from URL or text content
3263,Missing provider,medium,Infer from URL or text content
3264,Missing provider,medium,Infer from URL or text content
3265,Missing provider,medium,Infer from URL or text content
3266,Missing provider,medium,Infer from URL or text content
3267,Missing provider,medium,Infer from URL or text content
3268,Missing provider,medium,Infer from URL or text content
3269,Missing provider,medium,Infer from URL or text content
3270,Missing provider,medium,Infer from URL or text content
3271,Missing provider,medium,Infer from URL or text content
3272,Missing provider,medium,Infer from URL or text content
3273,Missing provider,medium,Infer from URL or text content
3274,Missing provider,medium,Infer from URL or text content
3275,Missing provider,medium,Infer from URL or text content
3276,Missing provider,medium,Infer from URL or text content
3277,Missing provider,medium,Infer from URL or text content
3278,Missing provider,medium,Infer from URL or text content
3279,Missing provider,medium,Infer from URL or text content
3281,Missing provider,medium,Infer from URL or text content
3282,Missing provider,medium,Infer from URL or text content
3284,Missing provider,medium,Infer from URL or text content
3285,Missing provider,medium,Infer from URL or text content
3286,Missing provider,medium,Infer from URL or text content
3287,Missing provider,medium,Infer from URL or text content
3288,Missing provider,medium,Infer from URL or text content
3289,Missing provider,medium,Infer from URL or text content
3290,Missing provider,medium,Infer from URL or text content
3291,Missing provider,medium,Infer from URL or text content
3292,Missing provider,medium,Infer from URL or text content
3293,Missing provider,medium,Infer from URL or text content
3294,Missing provider,medium,Infer from URL or text content
3295,Missing provider,medium,Infer from URL or text content
3296,Missing provider,medium,Infer from URL or text content
3297,Missing provider,medium,Infer from URL or text content
3298,Missing provider,medium,Infer from URL or text content
3299,Missing provider,medium,Infer from URL or text content
3300,Missing provider,medium,Infer from URL or text content
3301,Missing provider,medium,Infer from URL or text content
3302,Missing provider,medium,Infer from URL or text content
3303,Missing provider,medium,Infer from URL or text content
3304,Missing provider,medium,Infer from URL or text content
3305,Missing provider,medium,Infer from URL or text content
3306,Missing provider,medium,Infer from URL or text content
3307,Missing provider,medium,Infer from URL or text content
3308,Missing provider,medium,Infer from URL or text content
3309,Missing provider,medium,Infer from URL or text content
3310,Missing provider,medium,Infer from URL or text content
3311,Missing provider,medium,Infer from URL or text content
3312,Missing provider,medium,Infer from URL or text content
3313,Missing provider,medium,Infer from URL or text content
3314,Missing provider,medium,Infer from URL or text content
3315,Missing provider,medium,Infer from URL or text content
3316,Missing provider,medium,Infer from URL or text content
3317,Missing provider,medium,Infer from URL or text content
3318,Missing provider,medium,Infer from URL or text content
3319,Missing provider,medium,Infer from URL or text content
3320,Missing provider,medium,Infer from URL or text content
3321,Missing provider,medium,Infer from URL or text content
3322,Missing provider,medium,Infer from URL or text content
3323,Missing provider,medium,Infer from URL or text content
3324,Missing provider,medium,Infer from URL or text content
3325,Missing provider,medium,Infer from URL or text content
3326,Missing provider,medium,Infer from URL or text content
3327,Missing provider,medium,Infer from URL or text content
3328,Missing provider,medium,Infer from URL or text content
3329,Missing provider,medium,Infer from URL or text content
3330,Missing provider,medium,Infer from URL or text content
3331,Missing provider,medium,Infer from URL or text content
3332,Missing provider,medium,Infer from URL or text content
3333,Missing provider,medium,Infer from URL or text content
3334,Missing provider,medium,Infer from URL or text content
3336,Missing provider,medium,Infer from URL or text content
3337,Missing provider,medium,Infer from URL or text content
3338,Missing provider,medium,Infer from URL or text content
3339,Missing provider,medium,Infer from URL or text content
3340,Missing provider,medium,Infer from URL or text content
3341,Missing provider,medium,Infer from URL or text content
3342,Missing provider,medium,Infer from URL or text content
3343,Missing provider,medium,Infer from URL or text content
3344,Missing provider,medium,Infer from URL or text content
3345,Missing provider,medium,Infer from URL or text content
3346,Missing provider,medium,Infer from URL or text content
3347,Missing provider,medium,Infer from URL or text content
3348,Missing provider,medium,Infer from URL or text content
3349,Missing provider,medium,Infer from URL or text content
3350,Missing provider,medium,Infer from URL or text content
3351,Missing provider,medium,Infer from URL or text content
3352,Missing provider,medium,Infer from URL or text content
3353,Missing provider,medium,Infer from URL or text content
3354,Missing provider,medium,Infer from URL or text content
3355,Missing provider,medium,Infer from URL or text content
3356,Missing provider,medium,Infer from URL or text content
3357,Missing provider,medium,Infer from URL or text content
3358,Missing provider,medium,Infer from URL or text content
3359,Missing provider,medium,Infer from URL or text content
3360,Missing provider,medium,Infer from URL or text content
3361,Missing provider,medium,Infer from URL or text content
3362,Missing provider,medium,Infer from URL or text content
3363,Missing provider,medium,Infer from URL or text content
3364,Missing provider,medium,Infer from URL or text content
3365,Missing provider,medium,Infer from URL or text content
3366,Missing provider,medium,Infer from URL or text content
3367,Missing provider,medium,Infer from URL or text content
3368,Missing provider,medium,Infer from URL or text content
3369,Missing provider,medium,Infer from URL or text content
3370,Missing provider,medium,Infer from URL or text content
3371,Missing provider,medium,Infer from URL or text content
3372,Missing provider,medium,Infer from URL or text content
3373,Missing provider,medium,Infer from URL or text content
3374,Missing provider,medium,Infer from URL or text content
3375,Missing provider,medium,Infer from URL or text content
3376,Missing provider,medium,Infer from URL or text content
3377,Missing provider,medium,Infer from URL or text content
3378,Missing provider,medium,Infer from URL or text content
3379,Missing provider,medium,Infer from URL or text content
3380,Missing provider,medium,Infer from URL or text content
3381,Missing provider,medium,Infer from URL or text content
3382,Missing provider,medium,Infer from URL or text content
3383,Missing provider,medium,Infer from URL or text content
3384,Missing provider,medium,Infer from URL or text content
3385,Missing provider,medium,Infer from URL or text content
3386,Missing provider,medium,Infer from URL or text content
3387,Missing provider,medium,Infer from URL or text content
3388,Missing provider,medium,Infer from URL or text content
3389,Missing provider,medium,Infer from URL or text content
3390,Missing provider,medium,Infer from URL or text content
3391,Missing provider,medium,Infer from URL or text content
3392,Missing provider,medium,Infer from URL or text content
3393,Missing provider,medium,Infer from URL or text content
3394,Missing provider,medium,Infer from URL or text content
3395,Missing provider,medium,Infer from URL or text content
3396,Missing provider,medium,Infer from URL or text content
3397,Missing provider,medium,Infer from URL or text content
3398,Missing provider,medium,Infer from URL or text content
3399,Missing provider,medium,Infer from URL or text content
3400,Missing provider,medium,Infer from URL or text content
3401,Missing provider,medium,Infer from URL or text content
3402,Missing provider,medium,Infer from URL or text content
3403,Missing provider,medium,Infer from URL or text content
3404,Missing provider,medium,Infer from URL or text content
3405,Missing provider,medium,Infer from URL or text content
3406,Missing provider,medium,Infer from URL or text content
3407,Missing provider,medium,Infer from URL or text content
3408,Missing provider,medium,Infer from URL or text content
3409,Missing provider,medium,Infer from URL or text content
3410,Missing provider,medium,Infer from URL or text content
3411,Missing provider,medium,Infer from URL or text content
3412,Missing provider,medium,Infer from URL or text content
3413,Missing provider,medium,Infer from URL or text content
3414,Missing provider,medium,Infer from URL or text content
3415,Missing provider,medium,Infer from URL or text content
3416,Missing provider,medium,Infer from URL or text content
3417,Missing provider,medium,Infer from URL or text content
3418,Missing provider,medium,Infer from URL or text content
3419,Missing provider,medium,Infer from URL or text content
3420,Missing provider,medium,Infer from URL or text content
3421,Missing provider,medium,Infer from URL or text content
3422,Missing provider,medium,Infer from URL or text content
3423,Missing provider,medium,Infer from URL or text content
3424,Missing provider,medium,Infer from URL or text content
3425,Missing provider,medium,Infer from URL or text content
3426,Missing provider,medium,Infer from URL or text content
3427,Missing provider,medium,Infer from URL or text content
3428,Missing provider,medium,Infer from URL or text content
3429,Missing provider,medium,Infer from URL or text content
3430,Missing provider,medium,Infer from URL or text content
3431,Missing provider,medium,Infer from URL or text content
3432,Missing provider,medium,Infer from URL or text content
3433,Missing provider,medium,Infer from URL or text content
3434,Missing provider,medium,Infer from URL or text content
3435,Missing provider,medium,Infer from URL or text content
3436,Missing provider,medium,Infer from URL or text content
3437,Missing provider,medium,Infer from URL or text content
3438,Missing provider,medium,Infer from URL or text content
3439,Missing provider,medium,Infer from URL or text content
3440,Missing provider,medium,Infer from URL or text content
3441,Missing provider,medium,Infer from URL or text content
3442,Missing provider,medium,Infer from URL or text content
3443,Missing provider,medium,Infer from URL or text content
3444,Missing provider,medium,Infer from URL or text content
3445,Missing provider,medium,Infer from URL or text content
3446,Missing provider,medium,Infer from URL or text content
3447,Missing provider,medium,Infer from URL or text content
3448,Missing provider,medium,Infer from URL or text content
3449,Missing provider,medium,Infer from URL or text content
3450,Missing provider,medium,Infer from URL or text content
3451,Missing provider,medium,Infer from URL or text content
3452,Missing provider,medium,Infer from URL or text content
3453,Missing provider,medium,Infer from URL or text content
3454,Missing provider,medium,Infer from URL or text content
3455,Missing provider,medium,Infer from URL or text content
3456,Missing provider,medium,Infer from URL or text content
3457,Missing provider,medium,Infer from URL or text content
3458,Missing provider,medium,Infer from URL or text content
3459,Missing provider,medium,Infer from URL or text content
3460,Missing provider,medium,Infer from URL or text content
3461,Missing provider,medium,Infer from URL or text content
3462,Missing provider,medium,Infer from URL or text content
3463,Missing provider,medium,Infer from URL or text content
3464,Missing provider,medium,Infer from URL or text content
3465,Missing provider,medium,Infer from URL or text content
3466,Missing provider,medium,Infer from URL or text content
3467,Missing provider,medium,Infer from URL or text content
3468,Missing provider,medium,Infer from URL or text content
3469,Missing provider,medium,Infer from URL or text content
3470,Missing provider,medium,Infer from URL or text content
3471,Missing provider,medium,Infer from URL or text content
3472,Missing provider,medium,Infer from URL or text content
3473,Missing provider,medium,Infer from URL or text content
3474,Missing provider,medium,Infer from URL or text content
3475,Missing provider,medium,Infer from URL or text content
3476,Missing provider,medium,Infer from URL or text content
3477,Missing provider,medium,Infer from URL or text content
3478,Missing provider,medium,Infer from URL or text content
3479,Missing provider,medium,Infer from URL or text content
3480,Missing provider,medium,Infer from URL or text content
3481,Missing provider,medium,Infer from URL or text content
3482,Missing provider,medium,Infer from URL or text content
3483,Missing provider,medium,Infer from URL or text content
3484,Missing provider,medium,Infer from URL or text content
3485,Missing provider,medium,Infer from URL or text content
3486,Missing provider,medium,Infer from URL or text content
3487,Missing provider,medium,Infer from URL or text content
3488,Missing provider,medium,Infer from URL or text content
3489,Missing provider,medium,Infer from URL or text content
3490,Missing provider,medium,Infer from URL or text content
3491,Missing provider,medium,Infer from URL or text content
3492,Missing provider,medium,Infer from URL or text content
3493,Missing provider,medium,Infer from URL or text content
3494,Missing provider,medium,Infer from URL or text content
3495,Missing provider,medium,Infer from URL or text content
3496,Missing provider,medium,Infer from URL or text content
3497,Missing provider,medium,Infer from URL or text content
3498,Missing provider,medium,Infer from URL or text content
3499,Missing provider,medium,Infer from URL or text content
3500,Missing provider,medium,Infer from URL or text content
3501,Missing provider,medium,Infer from URL or text content
3502,Missing provider,medium,Infer from URL or text content
3503,Missing provider,medium,Infer from URL or text content
3504,Missing provider,medium,Infer from URL or text content
3505,Missing provider,medium,Infer from URL or text content
3506,Missing provider,medium,Infer from URL or text content
3507,Missing provider,medium,Infer from URL or text content
3508,Missing provider,medium,Infer from URL or text content
3509,Missing provider,medium,Infer from URL or text content
3510,Missing provider,medium,Infer from URL or text content
3511,Missing provider,medium,Infer from URL or text content
3512,Missing provider,medium,Infer from URL or text content
3513,Missing provider,medium,Infer from URL or text content
3514,Missing provider,medium,Infer from URL or text content
3515,Missing provider,medium,Infer from URL or text content
3516,Missing provider,medium,Infer from URL or text content
3517,Missing provider,medium,Infer from URL or text content
3518,Missing provider,medium,Infer from URL or text content
3519,Missing provider,medium,Infer from URL or text content
3520,Missing provider,medium,Infer from URL or text content
3521,Missing provider,medium,Infer from URL or text content
3522,Missing provider,medium,Infer from URL or text content
3523,Missing provider,medium,Infer from URL or text content
3524,Missing provider,medium,Infer from URL or text content
3525,Missing provider,medium,Infer from URL or text content
3526,Missing provider,medium,Infer from URL or text content
3527,Missing provider,medium,Infer from URL or text content
3528,Missing provider,medium,Infer from URL or text content
3529,Missing provider,medium,Infer from URL or text content
3530,Missing provider,medium,Infer from URL or text content
3531,Missing provider,medium,Infer from URL or text content
3532,Missing provider,medium,Infer from URL or text content
3533,Missing provider,medium,Infer from URL or text content
3534,Missing provider,medium,Infer from URL or text content
3535,Missing provider,medium,Infer from URL or text content
3536,Missing provider,medium,Infer from URL or text content
3537,Missing provider,medium,Infer from URL or text content
3538,Missing provider,medium,Infer from URL or text content
3539,Missing provider,medium,Infer from URL or text content
3540,Missing provider,medium,Infer from URL or text content
3541,Missing provider,medium,Infer from URL or text content
3542,Missing provider,medium,Infer from URL or text content
3543,Missing provider,medium,Infer from URL or text content
3544,Missing provider,medium,Infer from URL or text content
3545,Missing provider,medium,Infer from URL or text content
3546,Missing provider,medium,Infer from URL or text content
3547,Missing provider,medium,Infer from URL or text content
3548,Missing provider,medium,Infer from URL or text content
3549,Missing provider,medium,Infer from URL or text content
3550,Missing provider,medium,Infer from URL or text content
3551,Missing provider,medium,Infer from URL or text content
3552,Missing provider,medium,Infer from URL or text content
3553,Missing provider,medium,Infer from URL or text content
3554,Missing provider,medium,Infer from URL or text content
3555,Missing provider,medium,Infer from URL or text content
3556,Missing provider,medium,Infer from URL or text content
3557,Missing provider,medium,Infer from URL or text content
3558,Missing provider,medium,Infer from URL or text content
3559,Missing provider,medium,Infer from URL or text content
3560,Missing provider,medium,Infer from URL or text content
3561,Missing provider,medium,Infer from URL or text content
3562,Missing provider,medium,Infer from URL or text content
3563,Missing provider,medium,Infer from URL or text content
3564,Missing provider,medium,Infer from URL or text content
3565,Missing provider,medium,Infer from URL or text content
3566,Missing provider,medium,Infer from URL or text content
3567,Missing provider,medium,Infer from URL or text content
3568,Missing provider,medium,Infer from URL or text content
3569,Missing provider,medium,Infer from URL or text content
3570,Missing provider,medium,Infer from URL or text content
3571,Missing provider,medium,Infer from URL or text content
3572,Missing provider,medium,Infer from URL or text content
3573,Missing provider,medium,Infer from URL or text content
3574,Missing provider,medium,Infer from URL or text content
3575,Missing provider,medium,Infer from URL or text content
3576,Missing provider,medium,Infer from URL or text content
3577,Missing provider,medium,Infer from URL or text content
3578,Missing provider,medium,Infer from URL or text content
3579,Missing provider,medium,Infer from URL or text content
3580,Missing provider,medium,Infer from URL or text content
3581,Missing provider,medium,Infer from URL or text content
3583,Missing provider,medium,Infer from URL or text content
3585,Missing provider,medium,Infer from URL or text content
3586,Missing provider,medium,Infer from URL or text content
3587,Missing provider,medium,Infer from URL or text content
3588,Missing provider,medium,Infer from URL or text content
3589,Missing provider,medium,Infer from URL or text content
3590,Missing provider,medium,Infer from URL or text content
3591,Missing provider,medium,Infer from URL or text content
3592,Missing provider,medium,Infer from URL or text content
3593,Missing provider,medium,Infer from URL or text content
3594,Missing provider,medium,Infer from URL or text content
3595,Missing provider,medium,Infer from URL or text content
3596,Missing provider,medium,Infer from URL or text content
3597,Missing provider,medium,Infer from URL or text content
3598,Missing provider,medium,Infer from URL or text content
3599,Missing provider,medium,Infer from URL or text content
3600,Missing provider,medium,Infer from URL or text content
3601,Missing provider,medium,Infer from URL or text content
3602,Missing provider,medium,Infer from URL or text content
3603,Missing provider,medium,Infer from URL or text content
3604,Missing provider,medium,Infer from URL or text content
3605,Missing provider,medium,Infer from URL or text content
3606,Missing provider,medium,Infer from URL or text content
3607,Missing provider,medium,Infer from URL or text content
3608,Missing provider,medium,Infer from URL or text content
3609,Missing provider,medium,Infer from URL or text content
3610,Missing provider,medium,Infer from URL or text content
3611,Missing provider,medium,Infer from URL or text content
3612,Missing provider,medium,Infer from URL or text content
3613,Missing provider,medium,Infer from URL or text content
3614,Missing provider,medium,Infer from URL or text content
3615,Missing provider,medium,Infer from URL or text content
3616,Missing provider,medium,Infer from URL or text content
3617,Missing provider,medium,Infer from URL or text content
3618,Missing provider,medium,Infer from URL or text content
3619,Missing provider,medium,Infer from URL or text content
3620,Missing provider,medium,Infer from URL or text content
3621,Missing provider,medium,Infer from URL or text content
3622,Missing provider,medium,Infer from URL or text content
3623,Missing provider,medium,Infer from URL or text content
3624,Missing provider,medium,Infer from URL or text content
3625,Missing provider,medium,Infer from URL or text content
3627,Missing provider,medium,Infer from URL or text content
3628,Missing provider,medium,Infer from URL or text content
3632,Missing provider,medium,Infer from URL or text content
3633,Missing provider,medium,Infer from URL or text content
3634,Missing provider,medium,Infer from URL or text content
3635,Missing provider,medium,Infer from URL or text content
3636,Missing provider,medium,Infer from URL or text content
3637,Missing provider,medium,Infer from URL or text content
3638,Missing provider,medium,Infer from URL or text content
3639,Missing provider,medium,Infer from URL or text content
3640,Missing provider,medium,Infer from URL or text content
3641,Missing provider,medium,Infer from URL or text content
3642,Missing provider,medium,Infer from URL or text content
3643,Missing provider,medium,Infer from URL or text content
3644,Missing provider,medium,Infer from URL or text content
3645,Missing provider,medium,Infer from URL or text content
3652,Missing provider,medium,Infer from URL or text content
3653,Missing provider,medium,Infer from URL or text content
3654,Missing provider,medium,Infer from URL or text content
3655,Missing provider,medium,Infer from URL or text content
3656,Missing provider,medium,Infer from URL or text content
3657,Missing provider,medium,Infer from URL or text content
3658,Missing provider,medium,Infer from URL or text content
3659,Missing provider,medium,Infer from URL or text content
3660,Missing provider,medium,Infer from URL or text content
3661,Missing provider,medium,Infer from URL or text content
3662,Missing provider,medium,Infer from URL or text content
3663,Missing provider,medium,Infer from URL or text content
3664,Missing provider,medium,Infer from URL or text content
3665,Missing provider,medium,Infer from URL or text content
3666,Missing provider,medium,Infer from URL or text content
3667,Missing provider,medium,Infer from URL or text content
3668,Missing provider,medium,Infer from URL or text content
3669,Missing provider,medium,Infer from URL or text content
3670,Missing provider,medium,Infer from URL or text content
3671,Missing provider,medium,Infer from URL or text content
3672,Missing provider,medium,Infer from URL or text content
3673,Missing provider,medium,Infer from URL or text content
3,Duplicate content (hash: 889735c063a0dff2...),low,Review and deduplicate
4,Duplicate content (hash: 4210b4382178a292...),low,Review and deduplicate
5,Duplicate content (hash: a73b4341a2753866...),low,Review and deduplicate
6,Duplicate content (hash: d9a0d5116d1c55f6...),low,Review and deduplicate
8,Duplicate content (hash: ddc20902b322b489...),low,Review and deduplicate
9,Duplicate content (hash: ce2b6e8b5aa9203b...),low,Review and deduplicate
10,Duplicate content (hash: 48363b3dab165412...),low,Review and deduplicate
11,Duplicate content (hash: 59b0a3b4641eb2d7...),low,Review and deduplicate
14,Duplicate content (hash: f5b9de28ec6b306e...),low,Review and deduplicate
16,Duplicate content (hash: 524c8e5e20a5b0db...),low,Review and deduplicate
17,Duplicate content (hash: 9c1594d27977b5aa...),low,Review and deduplicate
20,Duplicate content (hash: 16b947022e271dcb...),low,Review and deduplicate
21,Duplicate content (hash: b95156c2e5b51133...),low,Review and deduplicate
27,Duplicate content (hash: 45032658881f85f4...),low,Review and deduplicate
28,Duplicate content (hash: c58145181500be3f...),low,Review and deduplicate
30,Duplicate content (hash: a9fa277304ce1f4e...),low,Review and deduplicate
31,Duplicate content (hash: a9fa277304ce1f4e...),low,Review and deduplicate
33,Duplicate content (hash: 4d47cc9cfa01a4bf...),low,Review and deduplicate
34,Duplicate content (hash: 1a0e0cb7cf5b61b2...),low,Review and deduplicate
38,Duplicate content (hash: 6e9d8229c987bc80...),low,Review and deduplicate
39,Duplicate content (hash: 1e1e751521c6b68e...),low,Review and deduplicate
40,Duplicate content (hash: f33928d7271aca82...),low,Review and deduplicate
41,Duplicate content (hash: 2bf27afeac3d045f...),low,Review and deduplicate
43,Duplicate content (hash: 6e92751fcdfad70a...),low,Review and deduplicate
45,Duplicate content (hash: 5e9d343b6036b30a...),low,Review and deduplicate
46,Duplicate content (hash: 88a1c53694888605...),low,Review and deduplicate
47,Duplicate content (hash: 889735c063a0dff2...),low,Review and deduplicate
48,Duplicate content (hash: 889735c063a0dff2...),low,Review and deduplicate
49,Duplicate content (hash: 889735c063a0dff2...),low,Review and deduplicate
52,Duplicate content (hash: 20d44e9785a6b8a7...),low,Review and deduplicate
53,Duplicate content (hash: 0ca98580b98f3ead...),low,Review and deduplicate
54,Duplicate content (hash: a97924ae0580703a...),low,Review and deduplicate
55,Duplicate content (hash: 3e0ead5b52124a8d...),low,Review and deduplicate
57,Duplicate content (hash: f8caf98b46fbf9c7...),low,Review and deduplicate
58,Duplicate content (hash: 600875c8e9ee9578...),low,Review and deduplicate
65,Duplicate content (hash: 4210b4382178a292...),low,Review and deduplicate
66,Duplicate content (hash: 4210b4382178a292...),low,Review and deduplicate
67,Duplicate content (hash: 4210b4382178a292...),low,Review and deduplicate
68,Duplicate content (hash: 4210b4382178a292...),low,Review and deduplicate
69,Duplicate content (hash: a73b4341a2753866...),low,Review and deduplicate
70,Duplicate content (hash: a73b4341a2753866...),low,Review and deduplicate
71,Duplicate content (hash: 8f758c1f9e5dc5f0...),low,Review and deduplicate
73,Duplicate content (hash: d878962b07f15702...),low,Review and deduplicate
76,Duplicate content (hash: f662f4d672c6d229...),low,Review and deduplicate
77,Duplicate content (hash: 793352b213b35ccc...),low,Review and deduplicate
79,Duplicate content (hash: 7ed3393a2eeb230c...),low,Review and deduplicate
80,Duplicate content (hash: 781f5990680f6e25...),low,Review and deduplicate
81,Duplicate content (hash: 6f33c222da6fbaf2...),low,Review and deduplicate
82,Duplicate content (hash: cd4ef9919dd1dc75...),low,Review and deduplicate
83,Duplicate content (hash: 875f90a7189063ed...),low,Review and deduplicate
84,Duplicate content (hash: b8427797627f6267...),low,Review and deduplicate
85,Duplicate content (hash: 2f55f21ed00feff0...),low,Review and deduplicate
86,Duplicate content (hash: c4b0c7613df88628...),low,Review and deduplicate
87,Duplicate content (hash: 1853a6d261fcc2cf...),low,Review and deduplicate
88,Duplicate content (hash: 7d3d9760d004c246...),low,Review and deduplicate
89,Duplicate content (hash: 4fc1eef97daeda60...),low,Review and deduplicate
90,Duplicate content (hash: aec155b99c7adc29...),low,Review and deduplicate
95,Duplicate content (hash: 7362cc6f678a0d5e...),low,Review and deduplicate
96,Duplicate content (hash: e1189eff9f127c11...),low,Review and deduplicate
97,Duplicate content (hash: 633f9e81f4a5f466...),low,Review and deduplicate
98,Duplicate content (hash: d9a0d5116d1c55f6...),low,Review and deduplicate
99,Duplicate content (hash: d9a0d5116d1c55f6...),low,Review and deduplicate
100,Duplicate content (hash: 2bb4bdb63e31a3fe...),low,Review and deduplicate
101,Duplicate content (hash: d9a0d5116d1c55f6...),low,Review and deduplicate
102,Duplicate content (hash: d9a0d5116d1c55f6...),low,Review and deduplicate
103,Duplicate content (hash: d9a0d5116d1c55f6...),low,Review and deduplicate
104,Duplicate content (hash: d9a0d5116d1c55f6...),low,Review and deduplicate
105,Duplicate content (hash: d9a0d5116d1c55f6...),low,Review and deduplicate
106,Duplicate content (hash: d9a0d5116d1c55f6...),low,Review and deduplicate
107,Duplicate content (hash: d9a0d5116d1c55f6...),low,Review and deduplicate
108,Duplicate content (hash: d9a0d5116d1c55f6...),low,Review and deduplicate
109,Duplicate content (hash: d9a0d5116d1c55f6...),low,Review and deduplicate
110,Duplicate content (hash: d9a0d5116d1c55f6...),low,Review and deduplicate
111,Duplicate content (hash: d9a0d5116d1c55f6...),low,Review and deduplicate
112,Duplicate content (hash: d9a0d5116d1c55f6...),low,Review and deduplicate
113,Duplicate content (hash: 26f1390fc4210691...),low,Review and deduplicate
114,Duplicate content (hash: d9a0d5116d1c55f6...),low,Review and deduplicate
115,Duplicate content (hash: d9a0d5116d1c55f6...),low,Review and deduplicate
116,Duplicate content (hash: d9a0d5116d1c55f6...),low,Review and deduplicate
117,Duplicate content (hash: 41365c7c3d9a220f...),low,Review and deduplicate
118,Duplicate content (hash: 1235bbda3ce6358d...),low,Review and deduplicate
119,Duplicate content (hash: e4774d3a533261c0...),low,Review and deduplicate
120,Duplicate content (hash: 5c2d9b3b6ed26038...),low,Review and deduplicate
121,Duplicate content (hash: e8b8a942fb068f6b...),low,Review and deduplicate
122,Duplicate content (hash: 824856ae8606dab1...),low,Review and deduplicate
123,Duplicate content (hash: a855d6a6b51bc8ab...),low,Review and deduplicate
124,Duplicate content (hash: 424b4743cee096d9...),low,Review and deduplicate
125,Duplicate content (hash: 310cd6b40a2a3939...),low,Review and deduplicate
126,Duplicate content (hash: 9c1594d27977b5aa...),low,Review and deduplicate
127,Duplicate content (hash: b33b0c4fd7f76fd1...),low,Review and deduplicate
128,Duplicate content (hash: 6910b3a4dac80623...),low,Review and deduplicate
130,Duplicate content (hash: ddc20902b322b489...),low,Review and deduplicate
131,Duplicate content (hash: ddc20902b322b489...),low,Review and deduplicate
132,Duplicate content (hash: ddc20902b322b489...),low,Review and deduplicate
134,Duplicate content (hash: ce2b6e8b5aa9203b...),low,Review and deduplicate
135,Duplicate content (hash: ce2b6e8b5aa9203b...),low,Review and deduplicate
136,Duplicate content (hash: ce2b6e8b5aa9203b...),low,Review and deduplicate
137,Duplicate content (hash: 1624fc4845336534...),low,Review and deduplicate
138,Duplicate content (hash: ce2b6e8b5aa9203b...),low,Review and deduplicate
139,Duplicate content (hash: 48363b3dab165412...),low,Review and deduplicate
140,Duplicate content (hash: 48363b3dab165412...),low,Review and deduplicate
141,Duplicate content (hash: 48363b3dab165412...),low,Review and deduplicate
142,Duplicate content (hash: 48363b3dab165412...),low,Review and deduplicate
143,Duplicate content (hash: 59b0a3b4641eb2d7...),low,Review and deduplicate
144,Duplicate content (hash: 59b0a3b4641eb2d7...),low,Review and deduplicate
145,Duplicate content (hash: 59b0a3b4641eb2d7...),low,Review and deduplicate
146,Duplicate content (hash: 59b0a3b4641eb2d7...),low,Review and deduplicate
147,Duplicate content (hash: 9c1594d27977b5aa...),low,Review and deduplicate
148,Duplicate content (hash: f5b9de28ec6b306e...),low,Review and deduplicate
149,Duplicate content (hash: 524c8e5e20a5b0db...),low,Review and deduplicate
150,Duplicate content (hash: ae8375f682aaad3b...),low,Review and deduplicate
151,Duplicate content (hash: 407cc35a8f1e706d...),low,Review and deduplicate
152,Duplicate content (hash: c0543ed010d7a55e...),low,Review and deduplicate
158,Duplicate content (hash: 3a0f913ebb829e20...),low,Review and deduplicate
159,Duplicate content (hash: 16b947022e271dcb...),low,Review and deduplicate
160,Duplicate content (hash: 16b947022e271dcb...),low,Review and deduplicate
161,Duplicate content (hash: 6e38532aa8837f9f...),low,Review and deduplicate
163,Duplicate content (hash: 933ba8d18e1635ad...),low,Review and deduplicate
166,Duplicate content (hash: 4df63a93517caa67...),low,Review and deduplicate
171,Duplicate content (hash: 4ac300ebc1d7d967...),low,Review and deduplicate
174,Duplicate content (hash: 365254c1f4c5d613...),low,Review and deduplicate
175,Duplicate content (hash: a414ba33fe8b2c1c...),low,Review and deduplicate
176,Duplicate content (hash: 74b35881c4c24386...),low,Review and deduplicate
178,Duplicate content (hash: 7456c9d430a7000d...),low,Review and deduplicate
180,Duplicate content (hash: 59e74536388e73bd...),low,Review and deduplicate
181,Duplicate content (hash: 74b35881c4c24386...),low,Review and deduplicate
182,Duplicate content (hash: 88d147c9f5f6c3eb...),low,Review and deduplicate
183,Duplicate content (hash: a6e8cdf471e1604b...),low,Review and deduplicate
185,Duplicate content (hash: 74b35881c4c24386...),low,Review and deduplicate
186,Duplicate content (hash: 985e27099ae8310c...),low,Review and deduplicate
187,Duplicate content (hash: 56f881dd08db3458...),low,Review and deduplicate
188,Duplicate content (hash: 17dde3febe04af4c...),low,Review and deduplicate
189,Duplicate content (hash: e6cebe84dd085435...),low,Review and deduplicate
191,Duplicate content (hash: ecb53d06a68826de...),low,Review and deduplicate
192,Duplicate content (hash: 965ac1bf5d1ba0b1...),low,Review and deduplicate
193,Duplicate content (hash: 250ad5f6dc3dce30...),low,Review and deduplicate
194,Duplicate content (hash: 860796eb8cab2b53...),low,Review and deduplicate
195,Duplicate content (hash: 65495688681643b4...),low,Review and deduplicate
196,Duplicate content (hash: 1e2f5f438ddb97a7...),low,Review and deduplicate
199,Duplicate content (hash: 68ad427d7a7ef523...),low,Review and deduplicate
202,Duplicate content (hash: d2286d5f5c26cddb...),low,Review and deduplicate
203,Duplicate content (hash: 14b23e77bd0fba21...),low,Review and deduplicate
204,Duplicate content (hash: 3294a6dd2e2b0351...),low,Review and deduplicate
205,Duplicate content (hash: ee7376d42aad40ab...),low,Review and deduplicate
206,Duplicate content (hash: 155f41a694e97e9f...),low,Review and deduplicate
207,Duplicate content (hash: 11d1150738e9ac15...),low,Review and deduplicate
208,Duplicate content (hash: b98d6ecbe1a79e4f...),low,Review and deduplicate
209,Duplicate content (hash: d45ca2150f66d845...),low,Review and deduplicate
210,Duplicate content (hash: e9026fe9429ea3cb...),low,Review and deduplicate
211,Duplicate content (hash: e11c32468dcd518b...),low,Review and deduplicate
212,Duplicate content (hash: c5a569f4a4ebaa74...),low,Review and deduplicate
213,Duplicate content (hash: e534fd4d49df1f71...),low,Review and deduplicate
214,Duplicate content (hash: 5ae2a359edd07561...),low,Review and deduplicate
215,Duplicate content (hash: b95156c2e5b51133...),low,Review and deduplicate
216,Duplicate content (hash: b95156c2e5b51133...),low,Review and deduplicate
217,Duplicate content (hash: b95156c2e5b51133...),low,Review and deduplicate
218,Duplicate content (hash: b95156c2e5b51133...),low,Review and deduplicate
223,Duplicate content (hash: 8eaf0399259032f4...),low,Review and deduplicate
226,Duplicate content (hash: fa266bee344d7b77...),low,Review and deduplicate
227,Duplicate content (hash: 078166446adf960e...),low,Review and deduplicate
229,Duplicate content (hash: abf73fa803b400ac...),low,Review and deduplicate
230,Duplicate content (hash: 7b83e19224861030...),low,Review and deduplicate
231,Duplicate content (hash: abe21704505b532c...),low,Review and deduplicate
232,Duplicate content (hash: 6ee8332ab8742e4c...),low,Review and deduplicate
233,Duplicate content (hash: e5f1fdd7e0082b60...),low,Review and deduplicate
234,Duplicate content (hash: 04506d94c5b942b1...),low,Review and deduplicate
235,Duplicate content (hash: 7953eb0079355a15...),low,Review and deduplicate
236,Duplicate content (hash: ed3fb512cd92b5ed...),low,Review and deduplicate
237,Duplicate content (hash: 5e01d36b83903413...),low,Review and deduplicate
241,Duplicate content (hash: 5e01d36b83903413...),low,Review and deduplicate
242,Duplicate content (hash: 11d10801aaded15c...),low,Review and deduplicate
243,Duplicate content (hash: 0ff14d403f4749c0...),low,Review and deduplicate
244,Duplicate content (hash: ae2fa14279cfdd60...),low,Review and deduplicate
245,Duplicate content (hash: cf235d7959311fe1...),low,Review and deduplicate
247,Duplicate content (hash: 078166446adf960e...),low,Review and deduplicate
251,Duplicate content (hash: d035c57e5c6b3deb...),low,Review and deduplicate
252,Duplicate content (hash: d035c57e5c6b3deb...),low,Review and deduplicate
253,Duplicate content (hash: d035c57e5c6b3deb...),low,Review and deduplicate
254,Duplicate content (hash: d035c57e5c6b3deb...),low,Review and deduplicate
255,Duplicate content (hash: fa266bee344d7b77...),low,Review and deduplicate
259,Duplicate content (hash: 45032658881f85f4...),low,Review and deduplicate
260,Duplicate content (hash: 45032658881f85f4...),low,Review and deduplicate
262,Duplicate content (hash: c58145181500be3f...),low,Review and deduplicate
263,Duplicate content (hash: c58145181500be3f...),low,Review and deduplicate
282,Duplicate content (hash: 37c9db0aabb72d9b...),low,Review and deduplicate
283,Duplicate content (hash: a085bb60e76f5f05...),low,Review and deduplicate
284,Duplicate content (hash: 5dc5a1d6410e7446...),low,Review and deduplicate
287,Duplicate content (hash: 8e076a44a5f2868d...),low,Review and deduplicate
289,Duplicate content (hash: 1f1ebf1732eaae1a...),low,Review and deduplicate
290,Duplicate content (hash: d7f757b15fb431dd...),low,Review and deduplicate
296,Duplicate content (hash: 03adeffed0f4f5a3...),low,Review and deduplicate
298,Duplicate content (hash: 15a6820e0e03c0a6...),low,Review and deduplicate
302,Duplicate content (hash: 6c51ad46a9492b09...),low,Review and deduplicate
303,Duplicate content (hash: c03e7514c5aab80e...),low,Review and deduplicate
306,Duplicate content (hash: a9d75dd69d7d0535...),low,Review and deduplicate
307,Duplicate content (hash: 3f36a8710cdc616f...),low,Review and deduplicate
310,Duplicate content (hash: 837f362751e7c37c...),low,Review and deduplicate
311,Duplicate content (hash: 4d47cc9cfa01a4bf...),low,Review and deduplicate
312,Duplicate content (hash: 4d47cc9cfa01a4bf...),low,Review and deduplicate
313,Duplicate content (hash: 4d47cc9cfa01a4bf...),low,Review and deduplicate
314,Duplicate content (hash: 4d47cc9cfa01a4bf...),low,Review and deduplicate
315,Duplicate content (hash: 4d47cc9cfa01a4bf...),low,Review and deduplicate
316,Duplicate content (hash: 4d47cc9cfa01a4bf...),low,Review and deduplicate
317,Duplicate content (hash: 4d47cc9cfa01a4bf...),low,Review and deduplicate
318,Duplicate content (hash: 1a0e0cb7cf5b61b2...),low,Review and deduplicate
319,Duplicate content (hash: 5d02ac7469601a22...),low,Review and deduplicate
320,Duplicate content (hash: 5d02ac7469601a22...),low,Review and deduplicate
321,Duplicate content (hash: 1e61f82705360cab...),low,Review and deduplicate
322,Duplicate content (hash: 6e9d8229c987bc80...),low,Review and deduplicate
323,Duplicate content (hash: 6e9d8229c987bc80...),low,Review and deduplicate
324,Duplicate content (hash: 0a12687f6be0600b...),low,Review and deduplicate
325,Duplicate content (hash: 70ce9c2d3605936d...),low,Review and deduplicate
326,Duplicate content (hash: 70ce9c2d3605936d...),low,Review and deduplicate
327,Duplicate content (hash: f33928d7271aca82...),low,Review and deduplicate
328,Duplicate content (hash: f33928d7271aca82...),low,Review and deduplicate
329,Duplicate content (hash: ce97e28e3d64d440...),low,Review and deduplicate
330,Duplicate content (hash: 28f03ca7324be128...),low,Review and deduplicate
331,Duplicate content (hash: 0e36b251d1d0aa99...),low,Review and deduplicate
334,Duplicate content (hash: f3bd67e97938ce51...),low,Review and deduplicate
336,Duplicate content (hash: 027786dbc064ca0c...),low,Review and deduplicate
337,Duplicate content (hash: c2fa823fc087f780...),low,Review and deduplicate
339,Duplicate content (hash: 6396a20d69d97701...),low,Review and deduplicate
340,Duplicate content (hash: cca104f3f57f6231...),low,Review and deduplicate
341,Duplicate content (hash: 48f6c48b082c39a7...),low,Review and deduplicate
342,Duplicate content (hash: 88009ee2c93e47f4...),low,Review and deduplicate
343,Duplicate content (hash: 8c4a590aa327ed90...),low,Review and deduplicate
344,Duplicate content (hash: 5fe9a9e6110bca86...),low,Review and deduplicate
345,Duplicate content (hash: 2bf27afeac3d045f...),low,Review and deduplicate
346,Duplicate content (hash: 2bf27afeac3d045f...),low,Review and deduplicate
347,Duplicate content (hash: 6396a20d69d97701...),low,Review and deduplicate
348,Duplicate content (hash: 6396a20d69d97701...),low,Review and deduplicate
349,Duplicate content (hash: cca104f3f57f6231...),low,Review and deduplicate
350,Duplicate content (hash: cca104f3f57f6231...),low,Review and deduplicate
351,Duplicate content (hash: 48f6c48b082c39a7...),low,Review and deduplicate
352,Duplicate content (hash: 48f6c48b082c39a7...),low,Review and deduplicate
353,Duplicate content (hash: d1cc15c96dc3113a...),low,Review and deduplicate
355,Duplicate content (hash: ec1090b96e7347d6...),low,Review and deduplicate
358,Duplicate content (hash: 4fc46ec36f36b709...),low,Review and deduplicate
359,Duplicate content (hash: 2d94ed18b23b580a...),low,Review and deduplicate
360,Duplicate content (hash: eae12a85265daefa...),low,Review and deduplicate
361,Duplicate content (hash: c7a2b0ab960cbb48...),low,Review and deduplicate
363,Duplicate content (hash: e6d99734fcabb783...),low,Review and deduplicate
364,Duplicate content (hash: b8bc66154fb63b4c...),low,Review and deduplicate
365,Duplicate content (hash: 6e92751fcdfad70a...),low,Review and deduplicate
366,Duplicate content (hash: 6e92751fcdfad70a...),low,Review and deduplicate
367,Duplicate content (hash: 6e92751fcdfad70a...),low,Review and deduplicate
368,Duplicate content (hash: 6e92751fcdfad70a...),low,Review and deduplicate
369,Duplicate content (hash: 6e92751fcdfad70a...),low,Review and deduplicate
370,Duplicate content (hash: 6e92751fcdfad70a...),low,Review and deduplicate
371,Duplicate content (hash: 6e92751fcdfad70a...),low,Review and deduplicate
372,Duplicate content (hash: 6e92751fcdfad70a...),low,Review and deduplicate
373,Duplicate content (hash: 6e92751fcdfad70a...),low,Review and deduplicate
374,Duplicate content (hash: 6e92751fcdfad70a...),low,Review and deduplicate
375,Duplicate content (hash: 6e92751fcdfad70a...),low,Review and deduplicate
376,Duplicate content (hash: 6e92751fcdfad70a...),low,Review and deduplicate
377,Duplicate content (hash: 6e92751fcdfad70a...),low,Review and deduplicate
378,Duplicate content (hash: 6e92751fcdfad70a...),low,Review and deduplicate
379,Duplicate content (hash: 56eb18a7f3fcc5dd...),low,Review and deduplicate
380,Duplicate content (hash: 6e92751fcdfad70a...),low,Review and deduplicate
381,Duplicate content (hash: 6e92751fcdfad70a...),low,Review and deduplicate
382,Duplicate content (hash: 6e92751fcdfad70a...),low,Review and deduplicate
383,Duplicate content (hash: 6e92751fcdfad70a...),low,Review and deduplicate
384,Duplicate content (hash: 6e92751fcdfad70a...),low,Review and deduplicate
385,Duplicate content (hash: 3691f626b9be24e1...),low,Review and deduplicate
386,Duplicate content (hash: 6e92751fcdfad70a...),low,Review and deduplicate
387,Duplicate content (hash: d17215cba53b5727...),low,Review and deduplicate
388,Duplicate content (hash: 5e9d343b6036b30a...),low,Review and deduplicate
389,Duplicate content (hash: 5e9d343b6036b30a...),low,Review and deduplicate
390,Duplicate content (hash: 5e9d343b6036b30a...),low,Review and deduplicate
391,Duplicate content (hash: 5e9d343b6036b30a...),low,Review and deduplicate
392,Duplicate content (hash: 5e9d343b6036b30a...),low,Review and deduplicate
393,Duplicate content (hash: 5e9d343b6036b30a...),low,Review and deduplicate
394,Duplicate content (hash: 5e9d343b6036b30a...),low,Review and deduplicate
395,Duplicate content (hash: 6a8dd87fba83f86e...),low,Review and deduplicate
396,Duplicate content (hash: 88a1c53694888605...),low,Review and deduplicate
397,Duplicate content (hash: 88a1c53694888605...),low,Review and deduplicate
398,Duplicate content (hash: 88a1c53694888605...),low,Review and deduplicate
399,Duplicate content (hash: 88a1c53694888605...),low,Review and deduplicate
400,Duplicate content (hash: 88a1c53694888605...),low,Review and deduplicate
401,Duplicate content (hash: 88a1c53694888605...),low,Review and deduplicate
402,Duplicate content (hash: 88a1c53694888605...),low,Review and deduplicate
403,Duplicate content (hash: f2bbf71850bb4168...),low,Review and deduplicate
404,Duplicate content (hash: 50ca8888c1c97d16...),low,Review and deduplicate
405,Duplicate content (hash: d3c170892a4821d7...),low,Review and deduplicate
406,Duplicate content (hash: f8caf98b46fbf9c7...),low,Review and deduplicate
407,Duplicate content (hash: 600875c8e9ee9578...),low,Review and deduplicate
408,Duplicate content (hash: 767d3b1546d5c054...),low,Review and deduplicate
409,Duplicate content (hash: d84438f914ed1def...),low,Review and deduplicate
410,Duplicate content (hash: 481cd970d5571da6...),low,Review and deduplicate
411,Duplicate content (hash: ed594d12ddf23649...),low,Review and deduplicate
412,Duplicate content (hash: 341f8f75b8c460ee...),low,Review and deduplicate
413,Duplicate content (hash: ade7fa5359f09edb...),low,Review and deduplicate
414,Duplicate content (hash: cfd6b8bfa02892f7...),low,Review and deduplicate
415,Duplicate content (hash: 20d44e9785a6b8a7...),low,Review and deduplicate
416,Duplicate content (hash: 080b5a24dc12cde7...),low,Review and deduplicate
417,Duplicate content (hash: e0fbd5348ca8222a...),low,Review and deduplicate
418,Duplicate content (hash: d1aa3a16102a9185...),low,Review and deduplicate
419,Duplicate content (hash: c8434d1db9387dfa...),low,Review and deduplicate
421,Duplicate content (hash: 0ca98580b98f3ead...),low,Review and deduplicate
422,Duplicate content (hash: 0ca98580b98f3ead...),low,Review and deduplicate
423,Duplicate content (hash: 0ca98580b98f3ead...),low,Review and deduplicate
424,Duplicate content (hash: 0ca98580b98f3ead...),low,Review and deduplicate
425,Duplicate content (hash: 0ca98580b98f3ead...),low,Review and deduplicate
426,Duplicate content (hash: a97924ae0580703a...),low,Review and deduplicate
427,Duplicate content (hash: a97924ae0580703a...),low,Review and deduplicate
428,Duplicate content (hash: a97924ae0580703a...),low,Review and deduplicate
429,Duplicate content (hash: a97924ae0580703a...),low,Review and deduplicate
431,Duplicate content (hash: a97924ae0580703a...),low,Review and deduplicate
432,Duplicate content (hash: 6eb156e86daa4191...),low,Review and deduplicate
434,Duplicate content (hash: 3e0ead5b52124a8d...),low,Review and deduplicate
435,Duplicate content (hash: 0901797edda5e739...),low,Review and deduplicate
436,Duplicate content (hash: 3e0ead5b52124a8d...),low,Review and deduplicate
437,Duplicate content (hash: 3e0ead5b52124a8d...),low,Review and deduplicate
438,Duplicate content (hash: 3e0ead5b52124a8d...),low,Review and deduplicate
439,Duplicate content (hash: 3e0ead5b52124a8d...),low,Review and deduplicate
440,Duplicate content (hash: 3e0ead5b52124a8d...),low,Review and deduplicate
441,Duplicate content (hash: 3e0ead5b52124a8d...),low,Review and deduplicate
442,Duplicate content (hash: c06737d874c6f272...),low,Review and deduplicate
443,Duplicate content (hash: c06737d874c6f272...),low,Review and deduplicate
444,Duplicate content (hash: c06737d874c6f272...),low,Review and deduplicate
445,Duplicate content (hash: c06737d874c6f272...),low,Review and deduplicate
446,Duplicate content (hash: c06737d874c6f272...),low,Review and deduplicate
447,Duplicate content (hash: 3e445c8afe5f1228...),low,Review and deduplicate
448,Duplicate content (hash: 9785e78f0392c513...),low,Review and deduplicate
451,Duplicate content (hash: 1bbd80d900d10f7d...),low,Review and deduplicate
452,Duplicate content (hash: ee42ae585d18f766...),low,Review and deduplicate
455,Duplicate content (hash: 3615537712da0049...),low,Review and deduplicate
456,Duplicate content (hash: 1acb044b79e4a40f...),low,Review and deduplicate
457,Duplicate content (hash: 384826d59a01aca2...),low,Review and deduplicate
458,Duplicate content (hash: 2dc6db31db7be13c...),low,Review and deduplicate
459,Duplicate content (hash: 235fa2a1ea60dd5c...),low,Review and deduplicate
460,Duplicate content (hash: d4732e603a3602e1...),low,Review and deduplicate
461,Duplicate content (hash: 1404a47feacc39db...),low,Review and deduplicate
462,Duplicate content (hash: e6c924a6253c8e2c...),low,Review and deduplicate
463,Duplicate content (hash: 6b05f01d05d5a54a...),low,Review and deduplicate
464,Duplicate content (hash: 10a132fcd37d2f77...),low,Review and deduplicate
466,Duplicate content (hash: 58f93d3330085e45...),low,Review and deduplicate
469,Duplicate content (hash: 5b4623bfde673c19...),low,Review and deduplicate
470,Duplicate content (hash: 9df42731aa2f151b...),low,Review and deduplicate
473,Duplicate content (hash: 7f82bb30a5ba00ed...),low,Review and deduplicate
474,Duplicate content (hash: 27fad3d1e8ef49f1...),low,Review and deduplicate
475,Duplicate content (hash: 5a96ed11f2cef59c...),low,Review and deduplicate
476,Duplicate content (hash: eba08cdd6e7a50fb...),low,Review and deduplicate
477,Duplicate content (hash: 5218b9dccf4b2ce0...),low,Review and deduplicate
478,Duplicate content (hash: 8aad423435f26eca...),low,Review and deduplicate
479,Duplicate content (hash: 8f758c1f9e5dc5f0...),low,Review and deduplicate
480,Duplicate content (hash: 6684eda922647bb2...),low,Review and deduplicate
481,Duplicate content (hash: 575f33d28e04230c...),low,Review and deduplicate
482,Duplicate content (hash: 2c37f22ebc468bfb...),low,Review and deduplicate
483,Duplicate content (hash: 9ba9f99b8f8caf99...),low,Review and deduplicate
484,Duplicate content (hash: 80379405ad70bed0...),low,Review and deduplicate
485,Duplicate content (hash: 12ae72e9c12df755...),low,Review and deduplicate
486,Duplicate content (hash: 52e366c72bd5a855...),low,Review and deduplicate
487,Duplicate content (hash: d878962b07f15702...),low,Review and deduplicate
488,Duplicate content (hash: d878962b07f15702...),low,Review and deduplicate
489,Duplicate content (hash: d878962b07f15702...),low,Review and deduplicate
492,Duplicate content (hash: 3687e86e684a95f2...),low,Review and deduplicate
493,Duplicate content (hash: 6a6170c691ea9bcd...),low,Review and deduplicate
494,Duplicate content (hash: ce2b6e8b5aa9203b...),low,Review and deduplicate
495,Duplicate content (hash: f662f4d672c6d229...),low,Review and deduplicate
496,Duplicate content (hash: ce2b6e8b5aa9203b...),low,Review and deduplicate
497,Duplicate content (hash: 02a5b289a271f73c...),low,Review and deduplicate
498,Duplicate content (hash: dccb42b9dbbc6385...),low,Review and deduplicate
500,Duplicate content (hash: 3f36a8710cdc616f...),low,Review and deduplicate
501,Duplicate content (hash: aabd9bdd1f49e388...),low,Review and deduplicate
502,Duplicate content (hash: 237632299c067553...),low,Review and deduplicate
503,Duplicate content (hash: 5d1214833cd6b812...),low,Review and deduplicate
504,Duplicate content (hash: f662f4d672c6d229...),low,Review and deduplicate
505,Duplicate content (hash: f662f4d672c6d229...),low,Review and deduplicate
506,Duplicate content (hash: f662f4d672c6d229...),low,Review and deduplicate
507,Duplicate content (hash: 6a6170c691ea9bcd...),low,Review and deduplicate
508,Duplicate content (hash: 68530031fb931dcd...),low,Review and deduplicate
509,Duplicate content (hash: 8b6f8150ec7f5b79...),low,Review and deduplicate
512,Duplicate content (hash: b2520cb14c55d986...),low,Review and deduplicate
513,Duplicate content (hash: 6530d0be304d144a...),low,Review and deduplicate
514,Duplicate content (hash: 6530d0be304d144a...),low,Review and deduplicate
515,Duplicate content (hash: cab34bc11f46ac61...),low,Review and deduplicate
516,Duplicate content (hash: 1f1ebf1732eaae1a...),low,Review and deduplicate
517,Duplicate content (hash: 7ed3393a2eeb230c...),low,Review and deduplicate
518,Duplicate content (hash: 4d9ecd23ffa8de1e...),low,Review and deduplicate
519,Duplicate content (hash: 63ef3a133b620374...),low,Review and deduplicate
520,Duplicate content (hash: 7ed3393a2eeb230c...),low,Review and deduplicate
521,Duplicate content (hash: 0651b301d4320e92...),low,Review and deduplicate
522,Duplicate content (hash: 781f5990680f6e25...),low,Review and deduplicate
523,Duplicate content (hash: 781f5990680f6e25...),low,Review and deduplicate
524,Duplicate content (hash: 529dbe6f8559bb1f...),low,Review and deduplicate
525,Duplicate content (hash: 68530031fb931dcd...),low,Review and deduplicate
527,Duplicate content (hash: 68530031fb931dcd...),low,Review and deduplicate
528,Duplicate content (hash: 68530031fb931dcd...),low,Review and deduplicate
529,Duplicate content (hash: 68530031fb931dcd...),low,Review and deduplicate
530,Duplicate content (hash: 68530031fb931dcd...),low,Review and deduplicate
531,Duplicate content (hash: 68530031fb931dcd...),low,Review and deduplicate
532,Duplicate content (hash: 8b6f8150ec7f5b79...),low,Review and deduplicate
533,Duplicate content (hash: 8b6f8150ec7f5b79...),low,Review and deduplicate
534,Duplicate content (hash: 8b6f8150ec7f5b79...),low,Review and deduplicate
535,Duplicate content (hash: e54598be1e0ae4e1...),low,Review and deduplicate
536,Duplicate content (hash: 793352b213b35ccc...),low,Review and deduplicate
537,Duplicate content (hash: 224d68c06d21c872...),low,Review and deduplicate
538,Duplicate content (hash: fd87331c44f104a2...),low,Review and deduplicate
539,Duplicate content (hash: becfaa4aa8bf6c2c...),low,Review and deduplicate
540,Duplicate content (hash: 6f33c222da6fbaf2...),low,Review and deduplicate
541,Duplicate content (hash: affcae0cc100f8d4...),low,Review and deduplicate
542,Duplicate content (hash: d7f757b15fb431dd...),low,Review and deduplicate
543,Duplicate content (hash: cd4ef9919dd1dc75...),low,Review and deduplicate
545,Duplicate content (hash: cd4ef9919dd1dc75...),low,Review and deduplicate
546,Duplicate content (hash: 03adeffed0f4f5a3...),low,Review and deduplicate
547,Duplicate content (hash: c75911d42fac6b09...),low,Review and deduplicate
548,Duplicate content (hash: 875f90a7189063ed...),low,Review and deduplicate
549,Duplicate content (hash: 875f90a7189063ed...),low,Review and deduplicate
550,Duplicate content (hash: fa250eefdfb6c963...),low,Review and deduplicate
551,Duplicate content (hash: fa250eefdfb6c963...),low,Review and deduplicate
552,Duplicate content (hash: 423a2e276a719a39...),low,Review and deduplicate
553,Duplicate content (hash: d9fa581f530cfb32...),low,Review and deduplicate
554,Duplicate content (hash: b8427797627f6267...),low,Review and deduplicate
555,Duplicate content (hash: b8427797627f6267...),low,Review and deduplicate
557,Duplicate content (hash: 5702d73a6b1cad9e...),low,Review and deduplicate
558,Duplicate content (hash: c03e7514c5aab80e...),low,Review and deduplicate
559,Duplicate content (hash: 2f55f21ed00feff0...),low,Review and deduplicate
560,Duplicate content (hash: 2f55f21ed00feff0...),low,Review and deduplicate
561,Duplicate content (hash: 2f55f21ed00feff0...),low,Review and deduplicate
562,Duplicate content (hash: f8b3e47b77fd1167...),low,Review and deduplicate
563,Duplicate content (hash: c4b0c7613df88628...),low,Review and deduplicate
564,Duplicate content (hash: c4b0c7613df88628...),low,Review and deduplicate
565,Duplicate content (hash: 1853a6d261fcc2cf...),low,Review and deduplicate
566,Duplicate content (hash: d7d6e880c7f4f9c3...),low,Review and deduplicate
567,Duplicate content (hash: 61a8af26a3f09999...),low,Review and deduplicate
568,Duplicate content (hash: a7bd3b87dde400a9...),low,Review and deduplicate
569,Duplicate content (hash: 1853a6d261fcc2cf...),low,Review and deduplicate
570,Duplicate content (hash: cffafcbdbfa81724...),low,Review and deduplicate
571,Duplicate content (hash: 7d3d9760d004c246...),low,Review and deduplicate
572,Duplicate content (hash: 26550fd3468bc2cc...),low,Review and deduplicate
573,Duplicate content (hash: 7d3d9760d004c246...),low,Review and deduplicate
574,Duplicate content (hash: a9d75dd69d7d0535...),low,Review and deduplicate
575,Duplicate content (hash: 944c1ea338260c3b...),low,Review and deduplicate
576,Duplicate content (hash: dc4b9cc722bbc6b0...),low,Review and deduplicate
577,Duplicate content (hash: adfa047eb679d323...),low,Review and deduplicate
578,Duplicate content (hash: c055b29aa20c0624...),low,Review and deduplicate
579,Duplicate content (hash: 32b2b8f1a652d9da...),low,Review and deduplicate
580,Duplicate content (hash: ded424d61a2003a7...),low,Review and deduplicate
581,Duplicate content (hash: 2f7ef9ff6cc8df17...),low,Review and deduplicate
582,Duplicate content (hash: 2e386afafa97284a...),low,Review and deduplicate
583,Duplicate content (hash: 55eb7418cbcf8b56...),low,Review and deduplicate
584,Duplicate content (hash: 4fc1eef97daeda60...),low,Review and deduplicate
585,Duplicate content (hash: 4de9743bf0b402a4...),low,Review and deduplicate
586,Duplicate content (hash: aec155b99c7adc29...),low,Review and deduplicate
587,Duplicate content (hash: f7fc4ef139c9b668...),low,Review and deduplicate
591,Duplicate content (hash: 3fa59b748698c840...),low,Review and deduplicate
593,Duplicate content (hash: 9840dd5dd603d478...),low,Review and deduplicate
594,Duplicate content (hash: 5ca1f4f856135158...),low,Review and deduplicate
595,Duplicate content (hash: a5100cd9929106ed...),low,Review and deduplicate
596,Duplicate content (hash: e08471ae0570aa25...),low,Review and deduplicate
597,Duplicate content (hash: 1271cabd6d97ff30...),low,Review and deduplicate
598,Duplicate content (hash: e8828ceca7e36103...),low,Review and deduplicate
599,Duplicate content (hash: 773c1b2bf345ed22...),low,Review and deduplicate
600,Duplicate content (hash: a294a65e870a2c3a...),low,Review and deduplicate
601,Duplicate content (hash: 65f36513e2e412cd...),low,Review and deduplicate
602,Duplicate content (hash: 95e7b799f480cc04...),low,Review and deduplicate
603,Duplicate content (hash: 02a31a16dbd31da4...),low,Review and deduplicate
604,Duplicate content (hash: de869f4287c44615...),low,Review and deduplicate
605,Duplicate content (hash: c5c953e28d727d5a...),low,Review and deduplicate
606,Duplicate content (hash: 38deccfe8f5981c2...),low,Review and deduplicate
607,Duplicate content (hash: a93d96f8a91ee789...),low,Review and deduplicate
608,Duplicate content (hash: 3602c1580b8ce06c...),low,Review and deduplicate
609,Duplicate content (hash: ebfbec63bd2216d7...),low,Review and deduplicate
610,Duplicate content (hash: bb854b5e852d7b6a...),low,Review and deduplicate
611,Duplicate content (hash: 963de197cffe96b1...),low,Review and deduplicate
612,Duplicate content (hash: 9840dd5dd603d478...),low,Review and deduplicate
613,Duplicate content (hash: 22a50dc1f25c2546...),low,Review and deduplicate
614,Duplicate content (hash: 233b851426b20437...),low,Review and deduplicate
615,Duplicate content (hash: 9e00e07cc844ec0e...),low,Review and deduplicate
616,Duplicate content (hash: 8359d04ab4115ba9...),low,Review and deduplicate
617,Duplicate content (hash: dff8d2d219d20cd9...),low,Review and deduplicate
618,Duplicate content (hash: e0772b76af57bb07...),low,Review and deduplicate
619,Duplicate content (hash: 7bedbec1824ceb47...),low,Review and deduplicate
620,Duplicate content (hash: 0ee1af7d4ab61000...),low,Review and deduplicate
621,Duplicate content (hash: 2cf164ab4cb701d0...),low,Review and deduplicate
622,Duplicate content (hash: 792f733747b1034c...),low,Review and deduplicate
623,Duplicate content (hash: 37301fa4f9fd8c30...),low,Review and deduplicate
624,Duplicate content (hash: 5ca1f4f856135158...),low,Review and deduplicate
625,Duplicate content (hash: e0522151fe0f7adf...),low,Review and deduplicate
626,Duplicate content (hash: ca4df9d8d665fd00...),low,Review and deduplicate
627,Duplicate content (hash: 77e0eba895af844e...),low,Review and deduplicate
628,Duplicate content (hash: 1271cabd6d97ff30...),low,Review and deduplicate
629,Duplicate content (hash: a5100cd9929106ed...),low,Review and deduplicate
630,Duplicate content (hash: e08471ae0570aa25...),low,Review and deduplicate
631,Duplicate content (hash: e8828ceca7e36103...),low,Review and deduplicate
632,Duplicate content (hash: 851178e364523c9f...),low,Review and deduplicate
633,Duplicate content (hash: 773c1b2bf345ed22...),low,Review and deduplicate
634,Duplicate content (hash: a294a65e870a2c3a...),low,Review and deduplicate
635,Duplicate content (hash: 65f36513e2e412cd...),low,Review and deduplicate
636,Duplicate content (hash: 95e7b799f480cc04...),low,Review and deduplicate
637,Duplicate content (hash: 02a31a16dbd31da4...),low,Review and deduplicate
638,Duplicate content (hash: de869f4287c44615...),low,Review and deduplicate
639,Duplicate content (hash: 38deccfe8f5981c2...),low,Review and deduplicate
640,Duplicate content (hash: c5c953e28d727d5a...),low,Review and deduplicate
641,Duplicate content (hash: 3602c1580b8ce06c...),low,Review and deduplicate
642,Duplicate content (hash: a93d96f8a91ee789...),low,Review and deduplicate
643,Duplicate content (hash: ebfbec63bd2216d7...),low,Review and deduplicate
644,Duplicate content (hash: bb854b5e852d7b6a...),low,Review and deduplicate
645,Duplicate content (hash: 963de197cffe96b1...),low,Review and deduplicate
646,Duplicate content (hash: 22a50dc1f25c2546...),low,Review and deduplicate
647,Duplicate content (hash: 233b851426b20437...),low,Review and deduplicate
648,Duplicate content (hash: e0514f91305c8c48...),low,Review and deduplicate
649,Duplicate content (hash: 8359d04ab4115ba9...),low,Review and deduplicate
650,Duplicate content (hash: 9e00e07cc844ec0e...),low,Review and deduplicate
651,Duplicate content (hash: dff8d2d219d20cd9...),low,Review and deduplicate
652,Duplicate content (hash: e0772b76af57bb07...),low,Review and deduplicate
653,Duplicate content (hash: 7bedbec1824ceb47...),low,Review and deduplicate
654,Duplicate content (hash: 0ee1af7d4ab61000...),low,Review and deduplicate
655,Duplicate content (hash: 792f733747b1034c...),low,Review and deduplicate
656,Duplicate content (hash: 8a376204d30f483e...),low,Review and deduplicate
657,Duplicate content (hash: 2cf164ab4cb701d0...),low,Review and deduplicate
658,Duplicate content (hash: e0522151fe0f7adf...),low,Review and deduplicate
659,Duplicate content (hash: 37301fa4f9fd8c30...),low,Review and deduplicate
660,Duplicate content (hash: 01cc83b29f73e84d...),low,Review and deduplicate
666,Duplicate content (hash: 85d2d62a29cfa58b...),low,Review and deduplicate
667,Duplicate content (hash: fe5f653df64ddb5a...),low,Review and deduplicate
668,Duplicate content (hash: c668bfdfa2a9191e...),low,Review and deduplicate
669,Duplicate content (hash: 58b50f56a2be39d6...),low,Review and deduplicate
670,Duplicate content (hash: 9c2a01d0bf6a1cfc...),low,Review and deduplicate
675,Duplicate content (hash: 633f9e81f4a5f466...),low,Review and deduplicate
676,Duplicate content (hash: 633f9e81f4a5f466...),low,Review and deduplicate
677,Duplicate content (hash: 8f39433eb510191a...),low,Review and deduplicate
678,Duplicate content (hash: db8e800370ded33e...),low,Review and deduplicate
679,Duplicate content (hash: 2bb4bdb63e31a3fe...),low,Review and deduplicate
680,Duplicate content (hash: 2bb4bdb63e31a3fe...),low,Review and deduplicate
681,Duplicate content (hash: 2bb4bdb63e31a3fe...),low,Review and deduplicate
682,Duplicate content (hash: 2bb4bdb63e31a3fe...),low,Review and deduplicate
683,Duplicate content (hash: 2bb4bdb63e31a3fe...),low,Review and deduplicate
684,Duplicate content (hash: 2bb4bdb63e31a3fe...),low,Review and deduplicate
685,Duplicate content (hash: 2bb4bdb63e31a3fe...),low,Review and deduplicate
686,Duplicate content (hash: 2bb4bdb63e31a3fe...),low,Review and deduplicate
687,Duplicate content (hash: 2bb4bdb63e31a3fe...),low,Review and deduplicate
688,Duplicate content (hash: 2bb4bdb63e31a3fe...),low,Review and deduplicate
689,Duplicate content (hash: 2bb4bdb63e31a3fe...),low,Review and deduplicate
690,Duplicate content (hash: 2bb4bdb63e31a3fe...),low,Review and deduplicate
691,Duplicate content (hash: 2bb4bdb63e31a3fe...),low,Review and deduplicate
692,Duplicate content (hash: 2bb4bdb63e31a3fe...),low,Review and deduplicate
693,Duplicate content (hash: 2bb4bdb63e31a3fe...),low,Review and deduplicate
694,Duplicate content (hash: d9a0d5116d1c55f6...),low,Review and deduplicate
695,Duplicate content (hash: d9a0d5116d1c55f6...),low,Review and deduplicate
696,Duplicate content (hash: 26f1390fc4210691...),low,Review and deduplicate
697,Duplicate content (hash: 26f1390fc4210691...),low,Review and deduplicate
698,Duplicate content (hash: db8e800370ded33e...),low,Review and deduplicate
699,Duplicate content (hash: 26f1390fc4210691...),low,Review and deduplicate
700,Duplicate content (hash: 26f1390fc4210691...),low,Review and deduplicate
701,Duplicate content (hash: 26f1390fc4210691...),low,Review and deduplicate
704,Duplicate content (hash: a294a65e870a2c3a...),low,Review and deduplicate
705,Duplicate content (hash: ca4df9d8d665fd00...),low,Review and deduplicate
706,Duplicate content (hash: e08471ae0570aa25...),low,Review and deduplicate
707,Duplicate content (hash: 8a376204d30f483e...),low,Review and deduplicate
708,Duplicate content (hash: a93d96f8a91ee789...),low,Review and deduplicate
709,Duplicate content (hash: 65f36513e2e412cd...),low,Review and deduplicate
710,Duplicate content (hash: 963de197cffe96b1...),low,Review and deduplicate
711,Duplicate content (hash: 37301fa4f9fd8c30...),low,Review and deduplicate
712,Duplicate content (hash: 9840dd5dd603d478...),low,Review and deduplicate
713,Duplicate content (hash: e0514f91305c8c48...),low,Review and deduplicate
714,Duplicate content (hash: 1624fc4845336534...),low,Review and deduplicate
715,Duplicate content (hash: 8359d04ab4115ba9...),low,Review and deduplicate
716,Duplicate content (hash: 5ca1f4f856135158...),low,Review and deduplicate
717,Duplicate content (hash: 38deccfe8f5981c2...),low,Review and deduplicate
718,Duplicate content (hash: 9e00e07cc844ec0e...),low,Review and deduplicate
719,Duplicate content (hash: f678c2e9e262a2f5...),low,Review and deduplicate
720,Duplicate content (hash: 75dbe91fd6b5e6a7...),low,Review and deduplicate
721,Duplicate content (hash: e8828ceca7e36103...),low,Review and deduplicate
722,Duplicate content (hash: 01cc83b29f73e84d...),low,Review and deduplicate
723,Duplicate content (hash: de869f4287c44615...),low,Review and deduplicate
724,Duplicate content (hash: 773c1b2bf345ed22...),low,Review and deduplicate
725,Duplicate content (hash: dff8d2d219d20cd9...),low,Review and deduplicate
726,Duplicate content (hash: 792f733747b1034c...),low,Review and deduplicate
727,Duplicate content (hash: 22a50dc1f25c2546...),low,Review and deduplicate
728,Duplicate content (hash: a5100cd9929106ed...),low,Review and deduplicate
729,Duplicate content (hash: 77e0eba895af844e...),low,Review and deduplicate
730,Duplicate content (hash: 41365c7c3d9a220f...),low,Review and deduplicate
731,Duplicate content (hash: 41365c7c3d9a220f...),low,Review and deduplicate
732,Duplicate content (hash: 41365c7c3d9a220f...),low,Review and deduplicate
733,Duplicate content (hash: 41365c7c3d9a220f...),low,Review and deduplicate
734,Duplicate content (hash: 1235bbda3ce6358d...),low,Review and deduplicate
735,Duplicate content (hash: 1235bbda3ce6358d...),low,Review and deduplicate
736,Duplicate content (hash: 1235bbda3ce6358d...),low,Review and deduplicate
737,Duplicate content (hash: 1235bbda3ce6358d...),low,Review and deduplicate
738,Duplicate content (hash: e4774d3a533261c0...),low,Review and deduplicate
739,Duplicate content (hash: e4774d3a533261c0...),low,Review and deduplicate
740,Duplicate content (hash: e4774d3a533261c0...),low,Review and deduplicate
741,Duplicate content (hash: e4774d3a533261c0...),low,Review and deduplicate
742,Duplicate content (hash: 5c2d9b3b6ed26038...),low,Review and deduplicate
743,Duplicate content (hash: 5c2d9b3b6ed26038...),low,Review and deduplicate
744,Duplicate content (hash: 5c2d9b3b6ed26038...),low,Review and deduplicate
745,Duplicate content (hash: e8b8a942fb068f6b...),low,Review and deduplicate
746,Duplicate content (hash: e8b8a942fb068f6b...),low,Review and deduplicate
747,Duplicate content (hash: 824856ae8606dab1...),low,Review and deduplicate
748,Duplicate content (hash: 824856ae8606dab1...),low,Review and deduplicate
749,Duplicate content (hash: e8b8a942fb068f6b...),low,Review and deduplicate
750,Duplicate content (hash: 824856ae8606dab1...),low,Review and deduplicate
751,Duplicate content (hash: e8b8a942fb068f6b...),low,Review and deduplicate
752,Duplicate content (hash: 5c2d9b3b6ed26038...),low,Review and deduplicate
753,Duplicate content (hash: 824856ae8606dab1...),low,Review and deduplicate
754,Duplicate content (hash: a855d6a6b51bc8ab...),low,Review and deduplicate
755,Duplicate content (hash: a855d6a6b51bc8ab...),low,Review and deduplicate
756,Duplicate content (hash: a855d6a6b51bc8ab...),low,Review and deduplicate
757,Duplicate content (hash: 424b4743cee096d9...),low,Review and deduplicate
758,Duplicate content (hash: 424b4743cee096d9...),low,Review and deduplicate
759,Duplicate content (hash: 424b4743cee096d9...),low,Review and deduplicate
760,Duplicate content (hash: 424b4743cee096d9...),low,Review and deduplicate
761,Duplicate content (hash: a855d6a6b51bc8ab...),low,Review and deduplicate
762,Duplicate content (hash: af10810adb799edc...),low,Review and deduplicate
763,Duplicate content (hash: 522450b25ea63068...),low,Review and deduplicate
764,Duplicate content (hash: 310cd6b40a2a3939...),low,Review and deduplicate
765,Duplicate content (hash: 310cd6b40a2a3939...),low,Review and deduplicate
766,Duplicate content (hash: 310cd6b40a2a3939...),low,Review and deduplicate
767,Duplicate content (hash: 310cd6b40a2a3939...),low,Review and deduplicate
768,Duplicate content (hash: 310cd6b40a2a3939...),low,Review and deduplicate
769,Duplicate content (hash: 310cd6b40a2a3939...),low,Review and deduplicate
770,Duplicate content (hash: 744a2f2e0c623f14...),low,Review and deduplicate
771,Duplicate content (hash: cbb2540a6169614b...),low,Review and deduplicate
773,Duplicate content (hash: b33b0c4fd7f76fd1...),low,Review and deduplicate
774,Duplicate content (hash: b33b0c4fd7f76fd1...),low,Review and deduplicate
775,Duplicate content (hash: 3ccb06b44e6bd236...),low,Review and deduplicate
776,Duplicate content (hash: 331b07a48fde692a...),low,Review and deduplicate
777,Duplicate content (hash: d1b47206866b1e92...),low,Review and deduplicate
778,Duplicate content (hash: abaca12774d8fd2d...),low,Review and deduplicate
779,Duplicate content (hash: 6910b3a4dac80623...),low,Review and deduplicate
780,Duplicate content (hash: 6910b3a4dac80623...),low,Review and deduplicate
781,Duplicate content (hash: 6910b3a4dac80623...),low,Review and deduplicate
782,Duplicate content (hash: 6910b3a4dac80623...),low,Review and deduplicate
783,Duplicate content (hash: 6910b3a4dac80623...),low,Review and deduplicate
784,Duplicate content (hash: 6910b3a4dac80623...),low,Review and deduplicate
785,Duplicate content (hash: 6903be3a294dac43...),low,Review and deduplicate
786,Duplicate content (hash: a755c0eb3df77355...),low,Review and deduplicate
787,Duplicate content (hash: 9c2e946a6f2d94c1...),low,Review and deduplicate
788,Duplicate content (hash: 9c2e946a6f2d94c1...),low,Review and deduplicate
789,Duplicate content (hash: 9c2e946a6f2d94c1...),low,Review and deduplicate
790,Duplicate content (hash: 9c2e946a6f2d94c1...),low,Review and deduplicate
791,Duplicate content (hash: 9c2e946a6f2d94c1...),low,Review and deduplicate
792,Duplicate content (hash: 9c2e946a6f2d94c1...),low,Review and deduplicate
793,Duplicate content (hash: 1396489a4e93de3d...),low,Review and deduplicate
794,Duplicate content (hash: ce2b6e8b5aa9203b...),low,Review and deduplicate
795,Duplicate content (hash: ce2b6e8b5aa9203b...),low,Review and deduplicate
796,Duplicate content (hash: ce2b6e8b5aa9203b...),low,Review and deduplicate
797,Duplicate content (hash: ce2b6e8b5aa9203b...),low,Review and deduplicate
798,Duplicate content (hash: 1624fc4845336534...),low,Review and deduplicate
799,Duplicate content (hash: ce2b6e8b5aa9203b...),low,Review and deduplicate
800,Duplicate content (hash: ce2b6e8b5aa9203b...),low,Review and deduplicate
801,Duplicate content (hash: ce2b6e8b5aa9203b...),low,Review and deduplicate
802,Duplicate content (hash: 48363b3dab165412...),low,Review and deduplicate
803,Duplicate content (hash: 48363b3dab165412...),low,Review and deduplicate
804,Duplicate content (hash: 48363b3dab165412...),low,Review and deduplicate
805,Duplicate content (hash: 48363b3dab165412...),low,Review and deduplicate
806,Duplicate content (hash: 48363b3dab165412...),low,Review and deduplicate
807,Duplicate content (hash: 48363b3dab165412...),low,Review and deduplicate
808,Duplicate content (hash: 48363b3dab165412...),low,Review and deduplicate
809,Duplicate content (hash: 59b0a3b4641eb2d7...),low,Review and deduplicate
810,Duplicate content (hash: 59b0a3b4641eb2d7...),low,Review and deduplicate
811,Duplicate content (hash: 59b0a3b4641eb2d7...),low,Review and deduplicate
812,Duplicate content (hash: 59b0a3b4641eb2d7...),low,Review and deduplicate
813,Duplicate content (hash: 59b0a3b4641eb2d7...),low,Review and deduplicate
814,Duplicate content (hash: 3c723ef33d7b748a...),low,Review and deduplicate
815,Duplicate content (hash: 59b0a3b4641eb2d7...),low,Review and deduplicate
817,Duplicate content (hash: 1f8c7f8c9670fa5a...),low,Review and deduplicate
819,Duplicate content (hash: d361a8b87852dc87...),low,Review and deduplicate
820,Duplicate content (hash: 421f75856598839b...),low,Review and deduplicate
821,Duplicate content (hash: c90dd4a40aa5976f...),low,Review and deduplicate
822,Duplicate content (hash: f5cd60d44c5a0ca2...),low,Review and deduplicate
823,Duplicate content (hash: 3fdd56f807c31a41...),low,Review and deduplicate
824,Duplicate content (hash: 38fa0ccff2756c2e...),low,Review and deduplicate
826,Duplicate content (hash: 38fa0ccff2756c2e...),low,Review and deduplicate
827,Duplicate content (hash: 38fa0ccff2756c2e...),low,Review and deduplicate
828,Duplicate content (hash: 38fa0ccff2756c2e...),low,Review and deduplicate
831,Duplicate content (hash: c72381b1417370c0...),low,Review and deduplicate
834,Duplicate content (hash: acfc7bae84ac66eb...),low,Review and deduplicate
841,Duplicate content (hash: 407cc35a8f1e706d...),low,Review and deduplicate
842,Duplicate content (hash: e25c9e3ee0590fd4...),low,Review and deduplicate
867,Duplicate content (hash: be86c2f8e2c1b2ab...),low,Review and deduplicate
868,Duplicate content (hash: 9682418c59c4b3e3...),low,Review and deduplicate
869,Duplicate content (hash: ddb60b7d571808d4...),low,Review and deduplicate
870,Duplicate content (hash: 439403915942989f...),low,Review and deduplicate
871,Duplicate content (hash: a3ee3ac60d7159a3...),low,Review and deduplicate
872,Duplicate content (hash: bd6991b6b8eb453a...),low,Review and deduplicate
873,Duplicate content (hash: 39dd1fc8a0fa1c0b...),low,Review and deduplicate
874,Duplicate content (hash: c0543ed010d7a55e...),low,Review and deduplicate
875,Duplicate content (hash: c0543ed010d7a55e...),low,Review and deduplicate
876,Duplicate content (hash: 127ef190aa50c312...),low,Review and deduplicate
877,Duplicate content (hash: ce969ed89b5c1868...),low,Review and deduplicate
878,Duplicate content (hash: cc3cba081af639a4...),low,Review and deduplicate
879,Duplicate content (hash: 8ea0194d6c71cefa...),low,Review and deduplicate
880,Duplicate content (hash: 3a57b654dbcd9015...),low,Review and deduplicate
881,Duplicate content (hash: 07a6bbba524f4f8a...),low,Review and deduplicate
882,Duplicate content (hash: a99026b4896ec638...),low,Review and deduplicate
883,Duplicate content (hash: 262749e7a1309301...),low,Review and deduplicate
884,Duplicate content (hash: ec4a97ddf8eb3a10...),low,Review and deduplicate
885,Duplicate content (hash: 5d8b9c3d87766b13...),low,Review and deduplicate
886,Duplicate content (hash: 1ae232baa24a4e2a...),low,Review and deduplicate
893,Duplicate content (hash: 1f469681210ba2f8...),low,Review and deduplicate
894,Duplicate content (hash: 1f469681210ba2f8...),low,Review and deduplicate
906,Duplicate content (hash: 3a0f913ebb829e20...),low,Review and deduplicate
907,Duplicate content (hash: 3a0f913ebb829e20...),low,Review and deduplicate
909,Duplicate content (hash: 36752833384aa7fd...),low,Review and deduplicate
916,Duplicate content (hash: 6e38532aa8837f9f...),low,Review and deduplicate
917,Duplicate content (hash: 2f3e5b9385f7cb58...),low,Review and deduplicate
919,Duplicate content (hash: 933ba8d18e1635ad...),low,Review and deduplicate
920,Duplicate content (hash: 933ba8d18e1635ad...),low,Review and deduplicate
921,Duplicate content (hash: 933ba8d18e1635ad...),low,Review and deduplicate
922,Duplicate content (hash: 933ba8d18e1635ad...),low,Review and deduplicate
924,Duplicate content (hash: 17ffb0a5d12735a9...),low,Review and deduplicate
925,Duplicate content (hash: e789528aacfda2c5...),low,Review and deduplicate
926,Duplicate content (hash: 17ffb0a5d12735a9...),low,Review and deduplicate
932,Duplicate content (hash: 5b02f22440bc7f8b...),low,Review and deduplicate
933,Duplicate content (hash: b64aba496bcfcfdc...),low,Review and deduplicate
935,Duplicate content (hash: b64aba496bcfcfdc...),low,Review and deduplicate
938,Duplicate content (hash: 26d5d375f1ec7b45...),low,Review and deduplicate
942,Duplicate content (hash: a414ba33fe8b2c1c...),low,Review and deduplicate
943,Duplicate content (hash: 82ba42fc35ecde18...),low,Review and deduplicate
944,Duplicate content (hash: 7280d675cd19aa17...),low,Review and deduplicate
945,Duplicate content (hash: e789528aacfda2c5...),low,Review and deduplicate
946,Duplicate content (hash: 815f7c0f196f771c...),low,Review and deduplicate
950,Duplicate content (hash: 7456c9d430a7000d...),low,Review and deduplicate
951,Duplicate content (hash: 59e74536388e73bd...),low,Review and deduplicate
952,Duplicate content (hash: 88d147c9f5f6c3eb...),low,Review and deduplicate
953,Duplicate content (hash: 74b35881c4c24386...),low,Review and deduplicate
954,Duplicate content (hash: 74b35881c4c24386...),low,Review and deduplicate
955,Duplicate content (hash: 74b35881c4c24386...),low,Review and deduplicate
956,Duplicate content (hash: 74b35881c4c24386...),low,Review and deduplicate
957,Duplicate content (hash: 74b35881c4c24386...),low,Review and deduplicate
958,Duplicate content (hash: 74b35881c4c24386...),low,Review and deduplicate
959,Duplicate content (hash: 2d2560a8158daf1b...),low,Review and deduplicate
960,Duplicate content (hash: 74b35881c4c24386...),low,Review and deduplicate
961,Duplicate content (hash: 2d2560a8158daf1b...),low,Review and deduplicate
962,Duplicate content (hash: 74b35881c4c24386...),low,Review and deduplicate
963,Duplicate content (hash: a6e8cdf471e1604b...),low,Review and deduplicate
965,Duplicate content (hash: 17dde3febe04af4c...),low,Review and deduplicate
966,Duplicate content (hash: e6cebe84dd085435...),low,Review and deduplicate
967,Duplicate content (hash: 17dde3febe04af4c...),low,Review and deduplicate
968,Duplicate content (hash: e6cebe84dd085435...),low,Review and deduplicate
972,Duplicate content (hash: b98d6ecbe1a79e4f...),low,Review and deduplicate
974,Duplicate content (hash: 965ac1bf5d1ba0b1...),low,Review and deduplicate
975,Duplicate content (hash: 65495688681643b4...),low,Review and deduplicate
976,Duplicate content (hash: 860796eb8cab2b53...),low,Review and deduplicate
977,Duplicate content (hash: 1e2f5f438ddb97a7...),low,Review and deduplicate
978,Duplicate content (hash: 250ad5f6dc3dce30...),low,Review and deduplicate
979,Duplicate content (hash: 68ad427d7a7ef523...),low,Review and deduplicate
981,Duplicate content (hash: c5567a535d3256a9...),low,Review and deduplicate
991,Duplicate content (hash: 7280d675cd19aa17...),low,Review and deduplicate
994,Duplicate content (hash: 8c8f816be5b3b28c...),low,Review and deduplicate
995,Duplicate content (hash: d2286d5f5c26cddb...),low,Review and deduplicate
996,Duplicate content (hash: c5a569f4a4ebaa74...),low,Review and deduplicate
997,Duplicate content (hash: ee7376d42aad40ab...),low,Review and deduplicate
998,Duplicate content (hash: 14b23e77bd0fba21...),low,Review and deduplicate
999,Duplicate content (hash: 3294a6dd2e2b0351...),low,Review and deduplicate
1000,Duplicate content (hash: 155f41a694e97e9f...),low,Review and deduplicate
1001,Duplicate content (hash: b98d6ecbe1a79e4f...),low,Review and deduplicate
1002,Duplicate content (hash: b98d6ecbe1a79e4f...),low,Review and deduplicate
1003,Duplicate content (hash: b98d6ecbe1a79e4f...),low,Review and deduplicate
1004,Duplicate content (hash: b98d6ecbe1a79e4f...),low,Review and deduplicate
1005,Duplicate content (hash: b98d6ecbe1a79e4f...),low,Review and deduplicate
1006,Duplicate content (hash: b98d6ecbe1a79e4f...),low,Review and deduplicate
1007,Duplicate content (hash: b98d6ecbe1a79e4f...),low,Review and deduplicate
1008,Duplicate content (hash: b98d6ecbe1a79e4f...),low,Review and deduplicate
1009,Duplicate content (hash: d45ca2150f66d845...),low,Review and deduplicate
1019,Duplicate content (hash: 82ba42fc35ecde18...),low,Review and deduplicate
1020,Duplicate content (hash: 29145806b7100a1c...),low,Review and deduplicate
1021,Duplicate content (hash: d45ca2150f66d845...),low,Review and deduplicate
1024,Duplicate content (hash: c5a569f4a4ebaa74...),low,Review and deduplicate
1026,Duplicate content (hash: e534fd4d49df1f71...),low,Review and deduplicate
1027,Duplicate content (hash: 985e27099ae8310c...),low,Review and deduplicate
1031,Duplicate content (hash: e534fd4d49df1f71...),low,Review and deduplicate
1032,Duplicate content (hash: aabd9bdd1f49e388...),low,Review and deduplicate
1033,Duplicate content (hash: 5ae2a359edd07561...),low,Review and deduplicate
1034,Duplicate content (hash: b95156c2e5b51133...),low,Review and deduplicate
1035,Duplicate content (hash: b95156c2e5b51133...),low,Review and deduplicate
1036,Duplicate content (hash: b95156c2e5b51133...),low,Review and deduplicate
1044,Duplicate content (hash: 183cde485998bbde...),low,Review and deduplicate
1051,Duplicate content (hash: cf209b8fab7cd298...),low,Review and deduplicate
1054,Duplicate content (hash: 4969acf828646e17...),low,Review and deduplicate
1056,Duplicate content (hash: b95156c2e5b51133...),low,Review and deduplicate
1057,Duplicate content (hash: b95156c2e5b51133...),low,Review and deduplicate
1059,Duplicate content (hash: b95156c2e5b51133...),low,Review and deduplicate
1060,Duplicate content (hash: b95156c2e5b51133...),low,Review and deduplicate
1064,Duplicate content (hash: 8b2aa935e522f285...),low,Review and deduplicate
1066,Duplicate content (hash: 434535d42e511ba8...),low,Review and deduplicate
1067,Duplicate content (hash: 3d0c84ae5f0d1be0...),low,Review and deduplicate
1068,Duplicate content (hash: aca1928fe9d2d4b9...),low,Review and deduplicate
1069,Duplicate content (hash: 4b9e6c34728b6bd6...),low,Review and deduplicate
1070,Duplicate content (hash: 6e4f74e26d204998...),low,Review and deduplicate
1071,Duplicate content (hash: 96c78adb8d942374...),low,Review and deduplicate
1072,Duplicate content (hash: f480992a512c87f7...),low,Review and deduplicate
1073,Duplicate content (hash: 78eac5207991d8ed...),low,Review and deduplicate
1074,Duplicate content (hash: 702e93e0570a4bfc...),low,Review and deduplicate
1075,Duplicate content (hash: 474ec969d86012f8...),low,Review and deduplicate
1076,Duplicate content (hash: 1df92103d3a581a9...),low,Review and deduplicate
1077,Duplicate content (hash: 1f7df01455172c3a...),low,Review and deduplicate
1079,Duplicate content (hash: f167596bd2a741db...),low,Review and deduplicate
1080,Duplicate content (hash: 9907c2cea16a6d01...),low,Review and deduplicate
1081,Duplicate content (hash: fb0b4d7d81cd25a5...),low,Review and deduplicate
1083,Duplicate content (hash: e51f7396253e9bbb...),low,Review and deduplicate
1084,Duplicate content (hash: e51f7396253e9bbb...),low,Review and deduplicate
1087,Duplicate content (hash: e51f7396253e9bbb...),low,Review and deduplicate
1091,Duplicate content (hash: ec04d14dd26e0103...),low,Review and deduplicate
1101,Duplicate content (hash: bf90cdec5fcee4b5...),low,Review and deduplicate
1103,Duplicate content (hash: bf90cdec5fcee4b5...),low,Review and deduplicate
1104,Duplicate content (hash: bf90cdec5fcee4b5...),low,Review and deduplicate
1106,Duplicate content (hash: bf90cdec5fcee4b5...),low,Review and deduplicate
1122,Duplicate content (hash: bb71af615fab1ce0...),low,Review and deduplicate
1123,Duplicate content (hash: abf73fa803b400ac...),low,Review and deduplicate
1124,Duplicate content (hash: b9f6ee229aff6e9f...),low,Review and deduplicate
1126,Duplicate content (hash: bb71af615fab1ce0...),low,Review and deduplicate
1128,Duplicate content (hash: bb71af615fab1ce0...),low,Review and deduplicate
1129,Duplicate content (hash: bb71af615fab1ce0...),low,Review and deduplicate
1130,Duplicate content (hash: b9f6ee229aff6e9f...),low,Review and deduplicate
1131,Duplicate content (hash: bb71af615fab1ce0...),low,Review and deduplicate
1132,Duplicate content (hash: b9f6ee229aff6e9f...),low,Review and deduplicate
1133,Duplicate content (hash: abf73fa803b400ac...),low,Review and deduplicate
1134,Duplicate content (hash: abf73fa803b400ac...),low,Review and deduplicate
1135,Duplicate content (hash: b9f6ee229aff6e9f...),low,Review and deduplicate
1136,Duplicate content (hash: bb71af615fab1ce0...),low,Review and deduplicate
1137,Duplicate content (hash: bb71af615fab1ce0...),low,Review and deduplicate
1138,Duplicate content (hash: abf73fa803b400ac...),low,Review and deduplicate
1139,Duplicate content (hash: bb71af615fab1ce0...),low,Review and deduplicate
1140,Duplicate content (hash: abf73fa803b400ac...),low,Review and deduplicate
1141,Duplicate content (hash: b9f6ee229aff6e9f...),low,Review and deduplicate
1142,Duplicate content (hash: abf73fa803b400ac...),low,Review and deduplicate
1143,Duplicate content (hash: bb71af615fab1ce0...),low,Review and deduplicate
1144,Duplicate content (hash: bb71af615fab1ce0...),low,Review and deduplicate
1145,Duplicate content (hash: bb71af615fab1ce0...),low,Review and deduplicate
1146,Duplicate content (hash: 71b2fb1a427cd2f9...),low,Review and deduplicate
1147,Duplicate content (hash: 71b2fb1a427cd2f9...),low,Review and deduplicate
1148,Duplicate content (hash: 71b2fb1a427cd2f9...),low,Review and deduplicate
1149,Duplicate content (hash: 71b2fb1a427cd2f9...),low,Review and deduplicate
1150,Duplicate content (hash: 71b2fb1a427cd2f9...),low,Review and deduplicate
1151,Duplicate content (hash: 92f0a6bc625c5bf1...),low,Review and deduplicate
1152,Duplicate content (hash: 92f0a6bc625c5bf1...),low,Review and deduplicate
1153,Duplicate content (hash: 71b2fb1a427cd2f9...),low,Review and deduplicate
1154,Duplicate content (hash: 92f0a6bc625c5bf1...),low,Review and deduplicate
1155,Duplicate content (hash: 71b2fb1a427cd2f9...),low,Review and deduplicate
1156,Duplicate content (hash: 71b2fb1a427cd2f9...),low,Review and deduplicate
1157,Duplicate content (hash: 7b83e19224861030...),low,Review and deduplicate
1158,Duplicate content (hash: 92f0a6bc625c5bf1...),low,Review and deduplicate
1159,Duplicate content (hash: 71b2fb1a427cd2f9...),low,Review and deduplicate
1160,Duplicate content (hash: 92f0a6bc625c5bf1...),low,Review and deduplicate
1161,Duplicate content (hash: 71b2fb1a427cd2f9...),low,Review and deduplicate
1162,Duplicate content (hash: 92f0a6bc625c5bf1...),low,Review and deduplicate
1163,Duplicate content (hash: 7b83e19224861030...),low,Review and deduplicate
1164,Duplicate content (hash: 71b2fb1a427cd2f9...),low,Review and deduplicate
1165,Duplicate content (hash: 92f0a6bc625c5bf1...),low,Review and deduplicate
1166,Duplicate content (hash: 7b83e19224861030...),low,Review and deduplicate
1167,Duplicate content (hash: 92f0a6bc625c5bf1...),low,Review and deduplicate
1168,Duplicate content (hash: 92f0a6bc625c5bf1...),low,Review and deduplicate
1169,Duplicate content (hash: 71b2fb1a427cd2f9...),low,Review and deduplicate
1170,Duplicate content (hash: 6d1b9093360c5397...),low,Review and deduplicate
1171,Duplicate content (hash: 79da4820cdc3812f...),low,Review and deduplicate
1172,Duplicate content (hash: 79da4820cdc3812f...),low,Review and deduplicate
1173,Duplicate content (hash: 6d1b9093360c5397...),low,Review and deduplicate
1174,Duplicate content (hash: abe21704505b532c...),low,Review and deduplicate
1175,Duplicate content (hash: 79da4820cdc3812f...),low,Review and deduplicate
1176,Duplicate content (hash: abe21704505b532c...),low,Review and deduplicate
1177,Duplicate content (hash: abe21704505b532c...),low,Review and deduplicate
1178,Duplicate content (hash: 79da4820cdc3812f...),low,Review and deduplicate
1179,Duplicate content (hash: 79da4820cdc3812f...),low,Review and deduplicate
1180,Duplicate content (hash: 6d1b9093360c5397...),low,Review and deduplicate
1181,Duplicate content (hash: 6d1b9093360c5397...),low,Review and deduplicate
1182,Duplicate content (hash: abe21704505b532c...),low,Review and deduplicate
1183,Duplicate content (hash: abe21704505b532c...),low,Review and deduplicate
1184,Duplicate content (hash: 79da4820cdc3812f...),low,Review and deduplicate
1185,Duplicate content (hash: 79da4820cdc3812f...),low,Review and deduplicate
1186,Duplicate content (hash: 6d1b9093360c5397...),low,Review and deduplicate
1187,Duplicate content (hash: 6d1b9093360c5397...),low,Review and deduplicate
1188,Duplicate content (hash: abe21704505b532c...),low,Review and deduplicate
1189,Duplicate content (hash: 0ebf60ea4402e4f0...),low,Review and deduplicate
1190,Duplicate content (hash: 6ee8332ab8742e4c...),low,Review and deduplicate
1191,Duplicate content (hash: f1c849bb75df1f9e...),low,Review and deduplicate
1192,Duplicate content (hash: 6ee8332ab8742e4c...),low,Review and deduplicate
1193,Duplicate content (hash: 6ee8332ab8742e4c...),low,Review and deduplicate
1194,Duplicate content (hash: c8419dcfc52ef966...),low,Review and deduplicate
1195,Duplicate content (hash: f1c849bb75df1f9e...),low,Review and deduplicate
1196,Duplicate content (hash: 6ee8332ab8742e4c...),low,Review and deduplicate
1197,Duplicate content (hash: db9c781ed5151bf0...),low,Review and deduplicate
1198,Duplicate content (hash: c8419dcfc52ef966...),low,Review and deduplicate
1199,Duplicate content (hash: db9c781ed5151bf0...),low,Review and deduplicate
1200,Duplicate content (hash: db9c781ed5151bf0...),low,Review and deduplicate
1201,Duplicate content (hash: c8419dcfc52ef966...),low,Review and deduplicate
1202,Duplicate content (hash: 0ebf60ea4402e4f0...),low,Review and deduplicate
1203,Duplicate content (hash: c8419dcfc52ef966...),low,Review and deduplicate
1204,Duplicate content (hash: f1c849bb75df1f9e...),low,Review and deduplicate
1205,Duplicate content (hash: f1c849bb75df1f9e...),low,Review and deduplicate
1206,Duplicate content (hash: e5f1fdd7e0082b60...),low,Review and deduplicate
1207,Duplicate content (hash: 0ebf60ea4402e4f0...),low,Review and deduplicate
1208,Duplicate content (hash: 5f6519924b008cf9...),low,Review and deduplicate
1209,Duplicate content (hash: e5f1fdd7e0082b60...),low,Review and deduplicate
1210,Duplicate content (hash: 5f6519924b008cf9...),low,Review and deduplicate
1211,Duplicate content (hash: 79465f91bace82bc...),low,Review and deduplicate
1212,Duplicate content (hash: 5f6519924b008cf9...),low,Review and deduplicate
1213,Duplicate content (hash: 64d2023e3e752e99...),low,Review and deduplicate
1214,Duplicate content (hash: 5f6519924b008cf9...),low,Review and deduplicate
1215,Duplicate content (hash: 64d2023e3e752e99...),low,Review and deduplicate
1216,Duplicate content (hash: e5f1fdd7e0082b60...),low,Review and deduplicate
1217,Duplicate content (hash: 64d2023e3e752e99...),low,Review and deduplicate
1218,Duplicate content (hash: 79465f91bace82bc...),low,Review and deduplicate
1219,Duplicate content (hash: 5f6519924b008cf9...),low,Review and deduplicate
1220,Duplicate content (hash: 5f6519924b008cf9...),low,Review and deduplicate
1221,Duplicate content (hash: 64d2023e3e752e99...),low,Review and deduplicate
1222,Duplicate content (hash: e5f1fdd7e0082b60...),low,Review and deduplicate
1223,Duplicate content (hash: 5f6519924b008cf9...),low,Review and deduplicate
1224,Duplicate content (hash: 64d2023e3e752e99...),low,Review and deduplicate
1225,Duplicate content (hash: 5f6519924b008cf9...),low,Review and deduplicate
1226,Duplicate content (hash: e5f1fdd7e0082b60...),low,Review and deduplicate
1227,Duplicate content (hash: 64d2023e3e752e99...),low,Review and deduplicate
1228,Duplicate content (hash: 64d2023e3e752e99...),low,Review and deduplicate
1229,Duplicate content (hash: e5f1fdd7e0082b60...),low,Review and deduplicate
1230,Duplicate content (hash: 64d2023e3e752e99...),low,Review and deduplicate
1231,Duplicate content (hash: 5f6519924b008cf9...),low,Review and deduplicate
1232,Duplicate content (hash: 5f6519924b008cf9...),low,Review and deduplicate
1233,Duplicate content (hash: e5f1fdd7e0082b60...),low,Review and deduplicate
1234,Duplicate content (hash: 5f6519924b008cf9...),low,Review and deduplicate
1235,Duplicate content (hash: 64d2023e3e752e99...),low,Review and deduplicate
1236,Duplicate content (hash: 64d2023e3e752e99...),low,Review and deduplicate
1237,Duplicate content (hash: 04506d94c5b942b1...),low,Review and deduplicate
1238,Duplicate content (hash: e5f1fdd7e0082b60...),low,Review and deduplicate
1239,Duplicate content (hash: e5f1fdd7e0082b60...),low,Review and deduplicate
1240,Duplicate content (hash: 48e31801c2bde882...),low,Review and deduplicate
1241,Duplicate content (hash: 3ec1e19c260ecd50...),low,Review and deduplicate
1242,Duplicate content (hash: 3ec1e19c260ecd50...),low,Review and deduplicate
1243,Duplicate content (hash: 3ec1e19c260ecd50...),low,Review and deduplicate
1244,Duplicate content (hash: 3ec1e19c260ecd50...),low,Review and deduplicate
1245,Duplicate content (hash: 04506d94c5b942b1...),low,Review and deduplicate
1246,Duplicate content (hash: 04506d94c5b942b1...),low,Review and deduplicate
1247,Duplicate content (hash: 3ec1e19c260ecd50...),low,Review and deduplicate
1248,Duplicate content (hash: 04506d94c5b942b1...),low,Review and deduplicate
1249,Duplicate content (hash: 04506d94c5b942b1...),low,Review and deduplicate
1250,Duplicate content (hash: 3ec1e19c260ecd50...),low,Review and deduplicate
1251,Duplicate content (hash: 48e31801c2bde882...),low,Review and deduplicate
1252,Duplicate content (hash: 48e31801c2bde882...),low,Review and deduplicate
1253,Duplicate content (hash: 3ec1e19c260ecd50...),low,Review and deduplicate
1254,Duplicate content (hash: 3ec1e19c260ecd50...),low,Review and deduplicate
1255,Duplicate content (hash: 3ec1e19c260ecd50...),low,Review and deduplicate
1256,Duplicate content (hash: 3ec1e19c260ecd50...),low,Review and deduplicate
1257,Duplicate content (hash: 48e31801c2bde882...),low,Review and deduplicate
1260,Duplicate content (hash: 3ec1e19c260ecd50...),low,Review and deduplicate
1261,Duplicate content (hash: 86f60986434d40f9...),low,Review and deduplicate
1262,Duplicate content (hash: 7953eb0079355a15...),low,Review and deduplicate
1263,Duplicate content (hash: 5eef984f70cdb1f7...),low,Review and deduplicate
1264,Duplicate content (hash: 86f60986434d40f9...),low,Review and deduplicate
1265,Duplicate content (hash: 7953eb0079355a15...),low,Review and deduplicate
1266,Duplicate content (hash: 5eef984f70cdb1f7...),low,Review and deduplicate
1267,Duplicate content (hash: 7953eb0079355a15...),low,Review and deduplicate
1268,Duplicate content (hash: 7953eb0079355a15...),low,Review and deduplicate
1269,Duplicate content (hash: 7953eb0079355a15...),low,Review and deduplicate
1270,Duplicate content (hash: 86f60986434d40f9...),low,Review and deduplicate
1271,Duplicate content (hash: 5eef984f70cdb1f7...),low,Review and deduplicate
1272,Duplicate content (hash: 5eef984f70cdb1f7...),low,Review and deduplicate
1273,Duplicate content (hash: 7953eb0079355a15...),low,Review and deduplicate
1274,Duplicate content (hash: 86f60986434d40f9...),low,Review and deduplicate
1275,Duplicate content (hash: 5eef984f70cdb1f7...),low,Review and deduplicate
1276,Duplicate content (hash: 5eef984f70cdb1f7...),low,Review and deduplicate
1277,Duplicate content (hash: e9067196b92046fc...),low,Review and deduplicate
1278,Duplicate content (hash: ed3fb512cd92b5ed...),low,Review and deduplicate
1279,Duplicate content (hash: ed3fb512cd92b5ed...),low,Review and deduplicate
1280,Duplicate content (hash: ed3fb512cd92b5ed...),low,Review and deduplicate
1281,Duplicate content (hash: e9067196b92046fc...),low,Review and deduplicate
1282,Duplicate content (hash: 5eef984f70cdb1f7...),low,Review and deduplicate
1283,Duplicate content (hash: 1dc0369a7e7d74b4...),low,Review and deduplicate
1284,Duplicate content (hash: e9067196b92046fc...),low,Review and deduplicate
1285,Duplicate content (hash: ed3fb512cd92b5ed...),low,Review and deduplicate
1286,Duplicate content (hash: ed3fb512cd92b5ed...),low,Review and deduplicate
1287,Duplicate content (hash: 6448cb9c8bc89b07...),low,Review and deduplicate
1288,Duplicate content (hash: e9067196b92046fc...),low,Review and deduplicate
1289,Duplicate content (hash: e9067196b92046fc...),low,Review and deduplicate
1290,Duplicate content (hash: e9067196b92046fc...),low,Review and deduplicate
1291,Duplicate content (hash: 86f6f0a1ab75932c...),low,Review and deduplicate
1292,Duplicate content (hash: e9067196b92046fc...),low,Review and deduplicate
1293,Duplicate content (hash: 6448cb9c8bc89b07...),low,Review and deduplicate
1294,Duplicate content (hash: 1dc0369a7e7d74b4...),low,Review and deduplicate
1295,Duplicate content (hash: 86f6f0a1ab75932c...),low,Review and deduplicate
1298,Duplicate content (hash: 57f99f8c27eaccb9...),low,Review and deduplicate
1299,Duplicate content (hash: 57f99f8c27eaccb9...),low,Review and deduplicate
1300,Duplicate content (hash: 79ccf3959f27cc50...),low,Review and deduplicate
1301,Duplicate content (hash: 57f99f8c27eaccb9...),low,Review and deduplicate
1302,Duplicate content (hash: 79ccf3959f27cc50...),low,Review and deduplicate
1303,Duplicate content (hash: 79ccf3959f27cc50...),low,Review and deduplicate
1304,Duplicate content (hash: 57f99f8c27eaccb9...),low,Review and deduplicate
1305,Duplicate content (hash: 79ccf3959f27cc50...),low,Review and deduplicate
1306,Duplicate content (hash: 0ff14d403f4749c0...),low,Review and deduplicate
1307,Duplicate content (hash: 0ff14d403f4749c0...),low,Review and deduplicate
1308,Duplicate content (hash: 0ff14d403f4749c0...),low,Review and deduplicate
1309,Duplicate content (hash: 5e89f8065446918d...),low,Review and deduplicate
1310,Duplicate content (hash: 5e89f8065446918d...),low,Review and deduplicate
1311,Duplicate content (hash: 5e89f8065446918d...),low,Review and deduplicate
1312,Duplicate content (hash: 11d10801aaded15c...),low,Review and deduplicate
1313,Duplicate content (hash: 79ccf3959f27cc50...),low,Review and deduplicate
1314,Duplicate content (hash: 0ff14d403f4749c0...),low,Review and deduplicate
1315,Duplicate content (hash: 0ff14d403f4749c0...),low,Review and deduplicate
1316,Duplicate content (hash: 5e89f8065446918d...),low,Review and deduplicate
1317,Duplicate content (hash: 5e89f8065446918d...),low,Review and deduplicate
1318,Duplicate content (hash: b9509c4bfe2ea370...),low,Review and deduplicate
1319,Duplicate content (hash: b9509c4bfe2ea370...),low,Review and deduplicate
1320,Duplicate content (hash: 0ff14d403f4749c0...),low,Review and deduplicate
1321,Duplicate content (hash: 5e89f8065446918d...),low,Review and deduplicate
1322,Duplicate content (hash: 5e89f8065446918d...),low,Review and deduplicate
1323,Duplicate content (hash: b9509c4bfe2ea370...),low,Review and deduplicate
1324,Duplicate content (hash: 0ff14d403f4749c0...),low,Review and deduplicate
1325,Duplicate content (hash: 0ff14d403f4749c0...),low,Review and deduplicate
1326,Duplicate content (hash: b9509c4bfe2ea370...),low,Review and deduplicate
1327,Duplicate content (hash: 5e89f8065446918d...),low,Review and deduplicate
1328,Duplicate content (hash: b9509c4bfe2ea370...),low,Review and deduplicate
1329,Duplicate content (hash: 163c31f76cae12ac...),low,Review and deduplicate
1330,Duplicate content (hash: 163c31f76cae12ac...),low,Review and deduplicate
1331,Duplicate content (hash: ae2fa14279cfdd60...),low,Review and deduplicate
1332,Duplicate content (hash: 8091c76c6df479c8...),low,Review and deduplicate
1333,Duplicate content (hash: 3ef60c43fbdb583f...),low,Review and deduplicate
1334,Duplicate content (hash: 0ff14d403f4749c0...),low,Review and deduplicate
1335,Duplicate content (hash: ae2fa14279cfdd60...),low,Review and deduplicate
1336,Duplicate content (hash: ae2fa14279cfdd60...),low,Review and deduplicate
1337,Duplicate content (hash: 3ef60c43fbdb583f...),low,Review and deduplicate
1338,Duplicate content (hash: 0ff14d403f4749c0...),low,Review and deduplicate
1339,Duplicate content (hash: 3ef60c43fbdb583f...),low,Review and deduplicate
1340,Duplicate content (hash: ae2fa14279cfdd60...),low,Review and deduplicate
1341,Duplicate content (hash: 163c31f76cae12ac...),low,Review and deduplicate
1342,Duplicate content (hash: 163c31f76cae12ac...),low,Review and deduplicate
1343,Duplicate content (hash: ae2fa14279cfdd60...),low,Review and deduplicate
1344,Duplicate content (hash: 8091c76c6df479c8...),low,Review and deduplicate
1345,Duplicate content (hash: 8091c76c6df479c8...),low,Review and deduplicate
1346,Duplicate content (hash: ae2fa14279cfdd60...),low,Review and deduplicate
1347,Duplicate content (hash: 3ef60c43fbdb583f...),low,Review and deduplicate
1348,Duplicate content (hash: 163c31f76cae12ac...),low,Review and deduplicate
1349,Duplicate content (hash: 163c31f76cae12ac...),low,Review and deduplicate
1350,Duplicate content (hash: 163c31f76cae12ac...),low,Review and deduplicate
1351,Duplicate content (hash: ae2fa14279cfdd60...),low,Review and deduplicate
1352,Duplicate content (hash: ae2fa14279cfdd60...),low,Review and deduplicate
1353,Duplicate content (hash: f82475275b8e402a...),low,Review and deduplicate
1354,Duplicate content (hash: f82475275b8e402a...),low,Review and deduplicate
1355,Duplicate content (hash: f82475275b8e402a...),low,Review and deduplicate
1356,Duplicate content (hash: af7e17aefcf5e99e...),low,Review and deduplicate
1357,Duplicate content (hash: af7e17aefcf5e99e...),low,Review and deduplicate
1358,Duplicate content (hash: e3d6c322488d7ba1...),low,Review and deduplicate
1360,Duplicate content (hash: 893ad0030ce14852...),low,Review and deduplicate
1361,Duplicate content (hash: cf235d7959311fe1...),low,Review and deduplicate
1362,Duplicate content (hash: 893ad0030ce14852...),low,Review and deduplicate
1364,Duplicate content (hash: e3d6c322488d7ba1...),low,Review and deduplicate
1365,Duplicate content (hash: f82475275b8e402a...),low,Review and deduplicate
1366,Duplicate content (hash: af7e17aefcf5e99e...),low,Review and deduplicate
1367,Duplicate content (hash: af7e17aefcf5e99e...),low,Review and deduplicate
1368,Duplicate content (hash: f82475275b8e402a...),low,Review and deduplicate
1369,Duplicate content (hash: e3d6c322488d7ba1...),low,Review and deduplicate
1370,Duplicate content (hash: af7e17aefcf5e99e...),low,Review and deduplicate
1371,Duplicate content (hash: cf235d7959311fe1...),low,Review and deduplicate
1372,Duplicate content (hash: af7e17aefcf5e99e...),low,Review and deduplicate
1373,Duplicate content (hash: af7e17aefcf5e99e...),low,Review and deduplicate
1374,Duplicate content (hash: e3d6c322488d7ba1...),low,Review and deduplicate
1375,Duplicate content (hash: b621b41b663f2e6b...),low,Review and deduplicate
1376,Duplicate content (hash: 092425706136d7a8...),low,Review and deduplicate
1377,Duplicate content (hash: d99ac4bced9a4cf6...),low,Review and deduplicate
1378,Duplicate content (hash: f40acefda777231b...),low,Review and deduplicate
1379,Duplicate content (hash: b621b41b663f2e6b...),low,Review and deduplicate
1380,Duplicate content (hash: d99ac4bced9a4cf6...),low,Review and deduplicate
1381,Duplicate content (hash: f40acefda777231b...),low,Review and deduplicate
1382,Duplicate content (hash: d99ac4bced9a4cf6...),low,Review and deduplicate
1383,Duplicate content (hash: b621b41b663f2e6b...),low,Review and deduplicate
1384,Duplicate content (hash: d99ac4bced9a4cf6...),low,Review and deduplicate
1385,Duplicate content (hash: f7817311d6221425...),low,Review and deduplicate
1386,Duplicate content (hash: b621b41b663f2e6b...),low,Review and deduplicate
1387,Duplicate content (hash: f7817311d6221425...),low,Review and deduplicate
1388,Duplicate content (hash: d99ac4bced9a4cf6...),low,Review and deduplicate
1389,Duplicate content (hash: b621b41b663f2e6b...),low,Review and deduplicate
1390,Duplicate content (hash: b621b41b663f2e6b...),low,Review and deduplicate
1391,Duplicate content (hash: 092425706136d7a8...),low,Review and deduplicate
1392,Duplicate content (hash: b621b41b663f2e6b...),low,Review and deduplicate
1393,Duplicate content (hash: d99ac4bced9a4cf6...),low,Review and deduplicate
1394,Duplicate content (hash: f7817311d6221425...),low,Review and deduplicate
1400,Duplicate content (hash: a321271411f12f28...),low,Review and deduplicate
1432,Duplicate content (hash: 531b8002e48c9f18...),low,Review and deduplicate
1433,Duplicate content (hash: 531b8002e48c9f18...),low,Review and deduplicate
1434,Duplicate content (hash: 531b8002e48c9f18...),low,Review and deduplicate
1435,Duplicate content (hash: 531b8002e48c9f18...),low,Review and deduplicate
1436,Duplicate content (hash: 531b8002e48c9f18...),low,Review and deduplicate
1437,Duplicate content (hash: 531b8002e48c9f18...),low,Review and deduplicate
1438,Duplicate content (hash: d02126fdd33c954a...),low,Review and deduplicate
1440,Duplicate content (hash: d02126fdd33c954a...),low,Review and deduplicate
1444,Duplicate content (hash: fe5f653df64ddb5a...),low,Review and deduplicate
1445,Duplicate content (hash: e1189eff9f127c11...),low,Review and deduplicate
1451,Duplicate content (hash: 7da6812b23ac41ae...),low,Review and deduplicate
1452,Duplicate content (hash: 7da6812b23ac41ae...),low,Review and deduplicate
1453,Duplicate content (hash: 7da6812b23ac41ae...),low,Review and deduplicate
1454,Duplicate content (hash: 7da6812b23ac41ae...),low,Review and deduplicate
1455,Duplicate content (hash: 7da6812b23ac41ae...),low,Review and deduplicate
1456,Duplicate content (hash: 7da6812b23ac41ae...),low,Review and deduplicate
1457,Duplicate content (hash: 7da6812b23ac41ae...),low,Review and deduplicate
1458,Duplicate content (hash: 7da6812b23ac41ae...),low,Review and deduplicate
1459,Duplicate content (hash: 7da6812b23ac41ae...),low,Review and deduplicate
1460,Duplicate content (hash: 7da6812b23ac41ae...),low,Review and deduplicate
1461,Duplicate content (hash: 7da6812b23ac41ae...),low,Review and deduplicate
1462,Duplicate content (hash: 7da6812b23ac41ae...),low,Review and deduplicate
1463,Duplicate content (hash: 7da6812b23ac41ae...),low,Review and deduplicate
1464,Duplicate content (hash: 7da6812b23ac41ae...),low,Review and deduplicate
1465,Duplicate content (hash: 7da6812b23ac41ae...),low,Review and deduplicate
1466,Duplicate content (hash: 7da6812b23ac41ae...),low,Review and deduplicate
1467,Duplicate content (hash: 7da6812b23ac41ae...),low,Review and deduplicate
1468,Duplicate content (hash: 5dc5a1d6410e7446...),low,Review and deduplicate
1472,Duplicate content (hash: 89b270a29f27a953...),low,Review and deduplicate
1484,Duplicate content (hash: 8fc4ae447acd457b...),low,Review and deduplicate
1486,Duplicate content (hash: 8fc4ae447acd457b...),low,Review and deduplicate
1487,Duplicate content (hash: 8fc4ae447acd457b...),low,Review and deduplicate
1488,Duplicate content (hash: 8fc4ae447acd457b...),low,Review and deduplicate
1489,Duplicate content (hash: 8fc4ae447acd457b...),low,Review and deduplicate
1490,Duplicate content (hash: 8fc4ae447acd457b...),low,Review and deduplicate
1491,Duplicate content (hash: 8fc4ae447acd457b...),low,Review and deduplicate
1492,Duplicate content (hash: 8fc4ae447acd457b...),low,Review and deduplicate
1493,Duplicate content (hash: 8fc4ae447acd457b...),low,Review and deduplicate
1494,Duplicate content (hash: 8fc4ae447acd457b...),low,Review and deduplicate
1495,Duplicate content (hash: 8fc4ae447acd457b...),low,Review and deduplicate
1496,Duplicate content (hash: 8fc4ae447acd457b...),low,Review and deduplicate
1497,Duplicate content (hash: 8fc4ae447acd457b...),low,Review and deduplicate
1498,Duplicate content (hash: 8fc4ae447acd457b...),low,Review and deduplicate
1499,Duplicate content (hash: 8fc4ae447acd457b...),low,Review and deduplicate
1500,Duplicate content (hash: 8fc4ae447acd457b...),low,Review and deduplicate
1501,Duplicate content (hash: 8fc4ae447acd457b...),low,Review and deduplicate
1502,Duplicate content (hash: 8fc4ae447acd457b...),low,Review and deduplicate
1503,Duplicate content (hash: 8fc4ae447acd457b...),low,Review and deduplicate
1512,Duplicate content (hash: 37c9db0aabb72d9b...),low,Review and deduplicate
1513,Duplicate content (hash: 37c9db0aabb72d9b...),low,Review and deduplicate
1514,Duplicate content (hash: 37c9db0aabb72d9b...),low,Review and deduplicate
1515,Duplicate content (hash: 37c9db0aabb72d9b...),low,Review and deduplicate
1516,Duplicate content (hash: 37c9db0aabb72d9b...),low,Review and deduplicate
1517,Duplicate content (hash: 37c9db0aabb72d9b...),low,Review and deduplicate
1518,Duplicate content (hash: 37c9db0aabb72d9b...),low,Review and deduplicate
1519,Duplicate content (hash: 37c9db0aabb72d9b...),low,Review and deduplicate
1520,Duplicate content (hash: 37c9db0aabb72d9b...),low,Review and deduplicate
1521,Duplicate content (hash: 37c9db0aabb72d9b...),low,Review and deduplicate
1522,Duplicate content (hash: 37c9db0aabb72d9b...),low,Review and deduplicate
1523,Duplicate content (hash: 37c9db0aabb72d9b...),low,Review and deduplicate
1524,Duplicate content (hash: 37c9db0aabb72d9b...),low,Review and deduplicate
1525,Duplicate content (hash: 37c9db0aabb72d9b...),low,Review and deduplicate
1526,Duplicate content (hash: 37c9db0aabb72d9b...),low,Review and deduplicate
1527,Duplicate content (hash: 37c9db0aabb72d9b...),low,Review and deduplicate
1528,Duplicate content (hash: a085bb60e76f5f05...),low,Review and deduplicate
1529,Duplicate content (hash: a085bb60e76f5f05...),low,Review and deduplicate
1530,Duplicate content (hash: a085bb60e76f5f05...),low,Review and deduplicate
1531,Duplicate content (hash: a085bb60e76f5f05...),low,Review and deduplicate
1532,Duplicate content (hash: a085bb60e76f5f05...),low,Review and deduplicate
1533,Duplicate content (hash: a085bb60e76f5f05...),low,Review and deduplicate
1534,Duplicate content (hash: a085bb60e76f5f05...),low,Review and deduplicate
1535,Duplicate content (hash: a085bb60e76f5f05...),low,Review and deduplicate
1536,Duplicate content (hash: a085bb60e76f5f05...),low,Review and deduplicate
1537,Duplicate content (hash: a085bb60e76f5f05...),low,Review and deduplicate
1538,Duplicate content (hash: a085bb60e76f5f05...),low,Review and deduplicate
1539,Duplicate content (hash: a085bb60e76f5f05...),low,Review and deduplicate
1540,Duplicate content (hash: a085bb60e76f5f05...),low,Review and deduplicate
1541,Duplicate content (hash: a085bb60e76f5f05...),low,Review and deduplicate
1542,Duplicate content (hash: a085bb60e76f5f05...),low,Review and deduplicate
1543,Duplicate content (hash: 5dc5a1d6410e7446...),low,Review and deduplicate
1544,Duplicate content (hash: 5dc5a1d6410e7446...),low,Review and deduplicate
1545,Duplicate content (hash: 5dc5a1d6410e7446...),low,Review and deduplicate
1546,Duplicate content (hash: 5dc5a1d6410e7446...),low,Review and deduplicate
1547,Duplicate content (hash: 5dc5a1d6410e7446...),low,Review and deduplicate
1548,Duplicate content (hash: 5dc5a1d6410e7446...),low,Review and deduplicate
1549,Duplicate content (hash: 5dc5a1d6410e7446...),low,Review and deduplicate
1550,Duplicate content (hash: 5dc5a1d6410e7446...),low,Review and deduplicate
1551,Duplicate content (hash: 5dc5a1d6410e7446...),low,Review and deduplicate
1552,Duplicate content (hash: 5dc5a1d6410e7446...),low,Review and deduplicate
1553,Duplicate content (hash: 5dc5a1d6410e7446...),low,Review and deduplicate
1554,Duplicate content (hash: 5dc5a1d6410e7446...),low,Review and deduplicate
1555,Duplicate content (hash: 5dc5a1d6410e7446...),low,Review and deduplicate
1556,Duplicate content (hash: 5dc5a1d6410e7446...),low,Review and deduplicate
1562,Duplicate content (hash: 89b270a29f27a953...),low,Review and deduplicate
1565,Duplicate content (hash: 8e076a44a5f2868d...),low,Review and deduplicate
1566,Duplicate content (hash: 8e076a44a5f2868d...),low,Review and deduplicate
1567,Duplicate content (hash: e24552bccac1b619...),low,Review and deduplicate
1568,Duplicate content (hash: e24552bccac1b619...),low,Review and deduplicate
1569,Duplicate content (hash: 1c457cb0720174a2...),low,Review and deduplicate
1570,Duplicate content (hash: 27e2f97ba4f8fff5...),low,Review and deduplicate
1571,Duplicate content (hash: 27e2f97ba4f8fff5...),low,Review and deduplicate
1572,Duplicate content (hash: 27e2f97ba4f8fff5...),low,Review and deduplicate
1573,Duplicate content (hash: 27e2f97ba4f8fff5...),low,Review and deduplicate
1574,Duplicate content (hash: 5d1214833cd6b812...),low,Review and deduplicate
1575,Duplicate content (hash: 3c723ef33d7b748a...),low,Review and deduplicate
1576,Duplicate content (hash: 1c457cb0720174a2...),low,Review and deduplicate
1577,Duplicate content (hash: 1c457cb0720174a2...),low,Review and deduplicate
1578,Duplicate content (hash: 1c457cb0720174a2...),low,Review and deduplicate
1579,Duplicate content (hash: 1c457cb0720174a2...),low,Review and deduplicate
1581,Duplicate content (hash: 27e2f97ba4f8fff5...),low,Review and deduplicate
1582,Duplicate content (hash: 27e2f97ba4f8fff5...),low,Review and deduplicate
1583,Duplicate content (hash: 27e2f97ba4f8fff5...),low,Review and deduplicate
1584,Duplicate content (hash: 27e2f97ba4f8fff5...),low,Review and deduplicate
1585,Duplicate content (hash: 27e2f97ba4f8fff5...),low,Review and deduplicate
1586,Duplicate content (hash: 27e2f97ba4f8fff5...),low,Review and deduplicate
1587,Duplicate content (hash: aabd9bdd1f49e388...),low,Review and deduplicate
1588,Duplicate content (hash: 02a5b289a271f73c...),low,Review and deduplicate
1589,Duplicate content (hash: 7ed3393a2eeb230c...),low,Review and deduplicate
1590,Duplicate content (hash: dc096d9102efca19...),low,Review and deduplicate
1591,Duplicate content (hash: a6e344414a5e7a1c...),low,Review and deduplicate
1592,Duplicate content (hash: 2f55f21ed00feff0...),low,Review and deduplicate
1593,Duplicate content (hash: 5d1214833cd6b812...),low,Review and deduplicate
1594,Duplicate content (hash: 793352b213b35ccc...),low,Review and deduplicate
1595,Duplicate content (hash: b8427797627f6267...),low,Review and deduplicate
1596,Duplicate content (hash: 5702d73a6b1cad9e...),low,Review and deduplicate
1598,Duplicate content (hash: 0651b301d4320e92...),low,Review and deduplicate
1599,Duplicate content (hash: f53ede2f9afbc645...),low,Review and deduplicate
1600,Duplicate content (hash: cab34bc11f46ac61...),low,Review and deduplicate
1601,Duplicate content (hash: 6f33c222da6fbaf2...),low,Review and deduplicate
1602,Duplicate content (hash: e3d358bda079c3f7...),low,Review and deduplicate
1603,Duplicate content (hash: 781f5990680f6e25...),low,Review and deduplicate
1604,Duplicate content (hash: 529dbe6f8559bb1f...),low,Review and deduplicate
1606,Duplicate content (hash: a6e344414a5e7a1c...),low,Review and deduplicate
1607,Duplicate content (hash: 875f90a7189063ed...),low,Review and deduplicate
1608,Duplicate content (hash: 423a2e276a719a39...),low,Review and deduplicate
1609,Duplicate content (hash: 1853a6d261fcc2cf...),low,Review and deduplicate
1610,Duplicate content (hash: 224d68c06d21c872...),low,Review and deduplicate
1611,Duplicate content (hash: 2f55f21ed00feff0...),low,Review and deduplicate
1612,Duplicate content (hash: c4b0c7613df88628...),low,Review and deduplicate
1613,Duplicate content (hash: 7d3d9760d004c246...),low,Review and deduplicate
1615,Duplicate content (hash: 6c51ad46a9492b09...),low,Review and deduplicate
1621,Duplicate content (hash: bf90cdec5fcee4b5...),low,Review and deduplicate
1623,Duplicate content (hash: 224d68c06d21c872...),low,Review and deduplicate
1624,Duplicate content (hash: 224d68c06d21c872...),low,Review and deduplicate
1625,Duplicate content (hash: 22dde1fd868f0305...),low,Review and deduplicate
1626,Duplicate content (hash: 22dde1fd868f0305...),low,Review and deduplicate
1628,Duplicate content (hash: 1c457cb0720174a2...),low,Review and deduplicate
1629,Duplicate content (hash: 0651b301d4320e92...),low,Review and deduplicate
1630,Duplicate content (hash: 1853a6d261fcc2cf...),low,Review and deduplicate
1631,Duplicate content (hash: c4b0c7613df88628...),low,Review and deduplicate
1632,Duplicate content (hash: 7d3d9760d004c246...),low,Review and deduplicate
1633,Duplicate content (hash: 1fa9515296790090...),low,Review and deduplicate
1634,Duplicate content (hash: 55eb7418cbcf8b56...),low,Review and deduplicate
1635,Duplicate content (hash: 4de9743bf0b402a4...),low,Review and deduplicate
1636,Duplicate content (hash: f8b3e47b77fd1167...),low,Review and deduplicate
1637,Duplicate content (hash: 8eaf0399259032f4...),low,Review and deduplicate
1641,Duplicate content (hash: 432cad8243730007...),low,Review and deduplicate
1642,Duplicate content (hash: 793352b213b35ccc...),low,Review and deduplicate
1643,Duplicate content (hash: f53ede2f9afbc645...),low,Review and deduplicate
1644,Duplicate content (hash: cab34bc11f46ac61...),low,Review and deduplicate
1645,Duplicate content (hash: e3d358bda079c3f7...),low,Review and deduplicate
1646,Duplicate content (hash: 781f5990680f6e25...),low,Review and deduplicate
1647,Duplicate content (hash: 529dbe6f8559bb1f...),low,Review and deduplicate
1648,Duplicate content (hash: 224d68c06d21c872...),low,Review and deduplicate
1650,Duplicate content (hash: 4e7ecbb7d1e7a47f...),low,Review and deduplicate
1651,Duplicate content (hash: 4e7ecbb7d1e7a47f...),low,Review and deduplicate
1652,Duplicate content (hash: 4e7ecbb7d1e7a47f...),low,Review and deduplicate
1653,Duplicate content (hash: 4e7ecbb7d1e7a47f...),low,Review and deduplicate
1654,Duplicate content (hash: 4e7ecbb7d1e7a47f...),low,Review and deduplicate
1655,Duplicate content (hash: 4e7ecbb7d1e7a47f...),low,Review and deduplicate
1656,Duplicate content (hash: 4e7ecbb7d1e7a47f...),low,Review and deduplicate
1657,Duplicate content (hash: 4e7ecbb7d1e7a47f...),low,Review and deduplicate
1658,Duplicate content (hash: 4e7ecbb7d1e7a47f...),low,Review and deduplicate
1659,Duplicate content (hash: 837f362751e7c37c...),low,Review and deduplicate
1662,Duplicate content (hash: 837f362751e7c37c...),low,Review and deduplicate
1679,Duplicate content (hash: 1016e669f1a14da2...),low,Review and deduplicate
1680,Duplicate content (hash: 1016e669f1a14da2...),low,Review and deduplicate
1690,Duplicate content (hash: 1e1e751521c6b68e...),low,Review and deduplicate
1693,Duplicate content (hash: 8afb7132fa4a7729...),low,Review and deduplicate
1694,Duplicate content (hash: 8afb7132fa4a7729...),low,Review and deduplicate
1746,Duplicate content (hash: 1e61f82705360cab...),low,Review and deduplicate
1747,Duplicate content (hash: 1e61f82705360cab...),low,Review and deduplicate
1748,Duplicate content (hash: 1f3739dd59eb3c8f...),low,Review and deduplicate
1749,Duplicate content (hash: 0a12687f6be0600b...),low,Review and deduplicate
1752,Duplicate content (hash: 1f3739dd59eb3c8f...),low,Review and deduplicate
1753,Duplicate content (hash: 1f3739dd59eb3c8f...),low,Review and deduplicate
1756,Duplicate content (hash: ce97e28e3d64d440...),low,Review and deduplicate
1757,Duplicate content (hash: ce97e28e3d64d440...),low,Review and deduplicate
1759,Duplicate content (hash: 1f42365734a112e6...),low,Review and deduplicate
1762,Duplicate content (hash: 28f03ca7324be128...),low,Review and deduplicate
1763,Duplicate content (hash: 28f03ca7324be128...),low,Review and deduplicate
1765,Duplicate content (hash: ec1090b96e7347d6...),low,Review and deduplicate
1770,Duplicate content (hash: ca4a4cd71c51c5d9...),low,Review and deduplicate
1773,Duplicate content (hash: ca4a4cd71c51c5d9...),low,Review and deduplicate
1774,Duplicate content (hash: ca4a4cd71c51c5d9...),low,Review and deduplicate
1776,Duplicate content (hash: c8743f8fa2c3d56d...),low,Review and deduplicate
1777,Duplicate content (hash: c8743f8fa2c3d56d...),low,Review and deduplicate
1781,Duplicate content (hash: 1b0ec0b76d61d7ce...),low,Review and deduplicate
1782,Duplicate content (hash: 60e97d6e89d1712a...),low,Review and deduplicate
1783,Duplicate content (hash: 1b0ec0b76d61d7ce...),low,Review and deduplicate
1786,Duplicate content (hash: 60e97d6e89d1712a...),low,Review and deduplicate
1788,Duplicate content (hash: 0e36b251d1d0aa99...),low,Review and deduplicate
1789,Duplicate content (hash: 38658323982380e0...),low,Review and deduplicate
1790,Duplicate content (hash: 0e36b251d1d0aa99...),low,Review and deduplicate
1791,Duplicate content (hash: ad7a450533f937f4...),low,Review and deduplicate
1792,Duplicate content (hash: 38658323982380e0...),low,Review and deduplicate
1793,Duplicate content (hash: 38658323982380e0...),low,Review and deduplicate
1794,Duplicate content (hash: ad7a450533f937f4...),low,Review and deduplicate
1795,Duplicate content (hash: ad7a450533f937f4...),low,Review and deduplicate
1796,Duplicate content (hash: ad7a450533f937f4...),low,Review and deduplicate
1797,Duplicate content (hash: ad7a450533f937f4...),low,Review and deduplicate
1798,Duplicate content (hash: ad7a450533f937f4...),low,Review and deduplicate
1799,Duplicate content (hash: ad7a450533f937f4...),low,Review and deduplicate
1800,Duplicate content (hash: ad7a450533f937f4...),low,Review and deduplicate
1801,Duplicate content (hash: ec32bf55c8ac8d95...),low,Review and deduplicate
1802,Duplicate content (hash: d135a3ee98a8fa3d...),low,Review and deduplicate
1803,Duplicate content (hash: ec32bf55c8ac8d95...),low,Review and deduplicate
1804,Duplicate content (hash: ec32bf55c8ac8d95...),low,Review and deduplicate
1805,Duplicate content (hash: ec32bf55c8ac8d95...),low,Review and deduplicate
1806,Duplicate content (hash: ec32bf55c8ac8d95...),low,Review and deduplicate
1807,Duplicate content (hash: ec32bf55c8ac8d95...),low,Review and deduplicate
1810,Duplicate content (hash: d135a3ee98a8fa3d...),low,Review and deduplicate
1811,Duplicate content (hash: d135a3ee98a8fa3d...),low,Review and deduplicate
1813,Duplicate content (hash: e725bc63df13502f...),low,Review and deduplicate
1814,Duplicate content (hash: e725bc63df13502f...),low,Review and deduplicate
1815,Duplicate content (hash: e725bc63df13502f...),low,Review and deduplicate
1816,Duplicate content (hash: e725bc63df13502f...),low,Review and deduplicate
1817,Duplicate content (hash: e725bc63df13502f...),low,Review and deduplicate
1818,Duplicate content (hash: f3bd67e97938ce51...),low,Review and deduplicate
1819,Duplicate content (hash: f3bd67e97938ce51...),low,Review and deduplicate
1820,Duplicate content (hash: 027786dbc064ca0c...),low,Review and deduplicate
1821,Duplicate content (hash: 027786dbc064ca0c...),low,Review and deduplicate
1822,Duplicate content (hash: fc5912b7e16ed00d...),low,Review and deduplicate
1823,Duplicate content (hash: c2fa823fc087f780...),low,Review and deduplicate
1824,Duplicate content (hash: c2fa823fc087f780...),low,Review and deduplicate
1825,Duplicate content (hash: fc5912b7e16ed00d...),low,Review and deduplicate
1826,Duplicate content (hash: fc5912b7e16ed00d...),low,Review and deduplicate
1828,Duplicate content (hash: 583514a15cf5c009...),low,Review and deduplicate
1829,Duplicate content (hash: 583514a15cf5c009...),low,Review and deduplicate
1830,Duplicate content (hash: 583514a15cf5c009...),low,Review and deduplicate
1831,Duplicate content (hash: 583514a15cf5c009...),low,Review and deduplicate
1832,Duplicate content (hash: 583514a15cf5c009...),low,Review and deduplicate
1833,Duplicate content (hash: 583514a15cf5c009...),low,Review and deduplicate
1842,Duplicate content (hash: 2d94ed18b23b580a...),low,Review and deduplicate
1844,Duplicate content (hash: 4fc46ec36f36b709...),low,Review and deduplicate
1845,Duplicate content (hash: 88009ee2c93e47f4...),low,Review and deduplicate
1846,Duplicate content (hash: 8c4a590aa327ed90...),low,Review and deduplicate
1847,Duplicate content (hash: 5fe9a9e6110bca86...),low,Review and deduplicate
1850,Duplicate content (hash: e21555123d113f95...),low,Review and deduplicate
1851,Duplicate content (hash: 1f42365734a112e6...),low,Review and deduplicate
1852,Duplicate content (hash: 88009ee2c93e47f4...),low,Review and deduplicate
1853,Duplicate content (hash: 88009ee2c93e47f4...),low,Review and deduplicate
1854,Duplicate content (hash: 88009ee2c93e47f4...),low,Review and deduplicate
1855,Duplicate content (hash: 88009ee2c93e47f4...),low,Review and deduplicate
1856,Duplicate content (hash: 88009ee2c93e47f4...),low,Review and deduplicate
1857,Duplicate content (hash: 88009ee2c93e47f4...),low,Review and deduplicate
1858,Duplicate content (hash: 83931e2d2edcf9c2...),low,Review and deduplicate
1859,Duplicate content (hash: 83931e2d2edcf9c2...),low,Review and deduplicate
1860,Duplicate content (hash: 83931e2d2edcf9c2...),low,Review and deduplicate
1861,Duplicate content (hash: 83931e2d2edcf9c2...),low,Review and deduplicate
1862,Duplicate content (hash: 83931e2d2edcf9c2...),low,Review and deduplicate
1863,Duplicate content (hash: 5fe9a9e6110bca86...),low,Review and deduplicate
1864,Duplicate content (hash: 83931e2d2edcf9c2...),low,Review and deduplicate
1865,Duplicate content (hash: 5fe9a9e6110bca86...),low,Review and deduplicate
1866,Duplicate content (hash: 985c1d2abecbbc26...),low,Review and deduplicate
1868,Duplicate content (hash: 985c1d2abecbbc26...),low,Review and deduplicate
1869,Duplicate content (hash: 985c1d2abecbbc26...),low,Review and deduplicate
1871,Duplicate content (hash: f6c2cd95ed729894...),low,Review and deduplicate
1872,Duplicate content (hash: f6c2cd95ed729894...),low,Review and deduplicate
1874,Duplicate content (hash: f6c2cd95ed729894...),low,Review and deduplicate
1876,Duplicate content (hash: e21555123d113f95...),low,Review and deduplicate
1877,Duplicate content (hash: 9339dfaab77ee4b9...),low,Review and deduplicate
1878,Duplicate content (hash: d1cc15c96dc3113a...),low,Review and deduplicate
1879,Duplicate content (hash: d1cc15c96dc3113a...),low,Review and deduplicate
1880,Duplicate content (hash: d1cc15c96dc3113a...),low,Review and deduplicate
1881,Duplicate content (hash: d1cc15c96dc3113a...),low,Review and deduplicate
1882,Duplicate content (hash: d1cc15c96dc3113a...),low,Review and deduplicate
1883,Duplicate content (hash: d1cc15c96dc3113a...),low,Review and deduplicate
1884,Duplicate content (hash: d1cc15c96dc3113a...),low,Review and deduplicate
1885,Duplicate content (hash: 9339dfaab77ee4b9...),low,Review and deduplicate
1886,Duplicate content (hash: 9339dfaab77ee4b9...),low,Review and deduplicate
1887,Duplicate content (hash: 0e36b251d1d0aa99...),low,Review and deduplicate
1889,Duplicate content (hash: ec1090b96e7347d6...),low,Review and deduplicate
1890,Duplicate content (hash: ec1090b96e7347d6...),low,Review and deduplicate
1891,Duplicate content (hash: ec1090b96e7347d6...),low,Review and deduplicate
1892,Duplicate content (hash: ec1090b96e7347d6...),low,Review and deduplicate
1893,Duplicate content (hash: ec1090b96e7347d6...),low,Review and deduplicate
1894,Duplicate content (hash: ec1090b96e7347d6...),low,Review and deduplicate
1899,Duplicate content (hash: 4fc46ec36f36b709...),low,Review and deduplicate
1900,Duplicate content (hash: 4fc46ec36f36b709...),low,Review and deduplicate
1901,Duplicate content (hash: 2d94ed18b23b580a...),low,Review and deduplicate
1902,Duplicate content (hash: 2d94ed18b23b580a...),low,Review and deduplicate
1903,Duplicate content (hash: 2d94ed18b23b580a...),low,Review and deduplicate
1904,Duplicate content (hash: 2d94ed18b23b580a...),low,Review and deduplicate
1905,Duplicate content (hash: 2d94ed18b23b580a...),low,Review and deduplicate
1906,Duplicate content (hash: 2d94ed18b23b580a...),low,Review and deduplicate
1907,Duplicate content (hash: 2d94ed18b23b580a...),low,Review and deduplicate
1908,Duplicate content (hash: eae12a85265daefa...),low,Review and deduplicate
1909,Duplicate content (hash: eae12a85265daefa...),low,Review and deduplicate
1910,Duplicate content (hash: c7a2b0ab960cbb48...),low,Review and deduplicate
1913,Duplicate content (hash: 4c5f5bd0d6d72105...),low,Review and deduplicate
1914,Duplicate content (hash: e6d99734fcabb783...),low,Review and deduplicate
1916,Duplicate content (hash: b8bc66154fb63b4c...),low,Review and deduplicate
1917,Duplicate content (hash: b8bc66154fb63b4c...),low,Review and deduplicate
1918,Duplicate content (hash: b8bc66154fb63b4c...),low,Review and deduplicate
1919,Duplicate content (hash: b8bc66154fb63b4c...),low,Review and deduplicate
1920,Duplicate content (hash: b8bc66154fb63b4c...),low,Review and deduplicate
1921,Duplicate content (hash: b8bc66154fb63b4c...),low,Review and deduplicate
1922,Duplicate content (hash: b8bc66154fb63b4c...),low,Review and deduplicate
1923,Duplicate content (hash: b8bc66154fb63b4c...),low,Review and deduplicate
1924,Duplicate content (hash: b8bc66154fb63b4c...),low,Review and deduplicate
1925,Duplicate content (hash: b8bc66154fb63b4c...),low,Review and deduplicate
1926,Duplicate content (hash: b8bc66154fb63b4c...),low,Review and deduplicate
1927,Duplicate content (hash: 56eb18a7f3fcc5dd...),low,Review and deduplicate
1928,Duplicate content (hash: 56eb18a7f3fcc5dd...),low,Review and deduplicate
1929,Duplicate content (hash: 56eb18a7f3fcc5dd...),low,Review and deduplicate
1930,Duplicate content (hash: 3691f626b9be24e1...),low,Review and deduplicate
1932,Duplicate content (hash: d17215cba53b5727...),low,Review and deduplicate
1933,Duplicate content (hash: 4c5f5bd0d6d72105...),low,Review and deduplicate
1934,Duplicate content (hash: b8bc66154fb63b4c...),low,Review and deduplicate
1935,Duplicate content (hash: 6a8dd87fba83f86e...),low,Review and deduplicate
1936,Duplicate content (hash: 6a8dd87fba83f86e...),low,Review and deduplicate
1937,Duplicate content (hash: 6a8dd87fba83f86e...),low,Review and deduplicate
1938,Duplicate content (hash: 6a8dd87fba83f86e...),low,Review and deduplicate
1939,Duplicate content (hash: 6a8dd87fba83f86e...),low,Review and deduplicate
1940,Duplicate content (hash: 6a8dd87fba83f86e...),low,Review and deduplicate
1941,Duplicate content (hash: 6a8dd87fba83f86e...),low,Review and deduplicate
1945,Duplicate content (hash: f2bbf71850bb4168...),low,Review and deduplicate
1951,Duplicate content (hash: 50ca8888c1c97d16...),low,Review and deduplicate
1952,Duplicate content (hash: d3c170892a4821d7...),low,Review and deduplicate
1955,Duplicate content (hash: 481cd970d5571da6...),low,Review and deduplicate
1956,Duplicate content (hash: 767d3b1546d5c054...),low,Review and deduplicate
1957,Duplicate content (hash: ed594d12ddf23649...),low,Review and deduplicate
1958,Duplicate content (hash: d84438f914ed1def...),low,Review and deduplicate
1959,Duplicate content (hash: 341f8f75b8c460ee...),low,Review and deduplicate
1960,Duplicate content (hash: ade7fa5359f09edb...),low,Review and deduplicate
1961,Duplicate content (hash: cfd6b8bfa02892f7...),low,Review and deduplicate
1966,Duplicate content (hash: 080b5a24dc12cde7...),low,Review and deduplicate
1967,Duplicate content (hash: 080b5a24dc12cde7...),low,Review and deduplicate
1968,Duplicate content (hash: 080b5a24dc12cde7...),low,Review and deduplicate
1969,Duplicate content (hash: 080b5a24dc12cde7...),low,Review and deduplicate
1970,Duplicate content (hash: e0fbd5348ca8222a...),low,Review and deduplicate
1971,Duplicate content (hash: e0fbd5348ca8222a...),low,Review and deduplicate
1972,Duplicate content (hash: e0fbd5348ca8222a...),low,Review and deduplicate
1973,Duplicate content (hash: 080b5a24dc12cde7...),low,Review and deduplicate
1974,Duplicate content (hash: e0fbd5348ca8222a...),low,Review and deduplicate
1975,Duplicate content (hash: e0fbd5348ca8222a...),low,Review and deduplicate
1980,Duplicate content (hash: d1aa3a16102a9185...),low,Review and deduplicate
1981,Duplicate content (hash: d1aa3a16102a9185...),low,Review and deduplicate
1982,Duplicate content (hash: d1aa3a16102a9185...),low,Review and deduplicate
1983,Duplicate content (hash: d1aa3a16102a9185...),low,Review and deduplicate
1984,Duplicate content (hash: d1aa3a16102a9185...),low,Review and deduplicate
2004,Duplicate content (hash: c8434d1db9387dfa...),low,Review and deduplicate
2005,Duplicate content (hash: c8434d1db9387dfa...),low,Review and deduplicate
2007,Duplicate content (hash: c8434d1db9387dfa...),low,Review and deduplicate
2008,Duplicate content (hash: c8434d1db9387dfa...),low,Review and deduplicate
2009,Duplicate content (hash: c8434d1db9387dfa...),low,Review and deduplicate
2013,Duplicate content (hash: 3e0ead5b52124a8d...),low,Review and deduplicate
2014,Duplicate content (hash: 1bbd80d900d10f7d...),low,Review and deduplicate
2015,Duplicate content (hash: 2dc6db31db7be13c...),low,Review and deduplicate
2016,Duplicate content (hash: 235fa2a1ea60dd5c...),low,Review and deduplicate
2017,Duplicate content (hash: 1404a47feacc39db...),low,Review and deduplicate
2018,Duplicate content (hash: e6c924a6253c8e2c...),low,Review and deduplicate
2019,Duplicate content (hash: 93052c42b2cffea4...),low,Review and deduplicate
2020,Duplicate content (hash: 8fc6fad0470747a7...),low,Review and deduplicate
2021,Duplicate content (hash: 10a132fcd37d2f77...),low,Review and deduplicate
2022,Duplicate content (hash: 6edfc6f230cf5309...),low,Review and deduplicate
2023,Duplicate content (hash: 58f93d3330085e45...),low,Review and deduplicate
2024,Duplicate content (hash: c06737d874c6f272...),low,Review and deduplicate
2026,Duplicate content (hash: 6eb156e86daa4191...),low,Review and deduplicate
2027,Duplicate content (hash: 6eb156e86daa4191...),low,Review and deduplicate
2028,Duplicate content (hash: 6eb156e86daa4191...),low,Review and deduplicate
2029,Duplicate content (hash: 6eb156e86daa4191...),low,Review and deduplicate
2030,Duplicate content (hash: d789e8446feeaaa0...),low,Review and deduplicate
2031,Duplicate content (hash: e602eb274d4c2b0e...),low,Review and deduplicate
2032,Duplicate content (hash: ee1a4fbe43b22ca2...),low,Review and deduplicate
2033,Duplicate content (hash: 6eb156e86daa4191...),low,Review and deduplicate
2037,Duplicate content (hash: d789e8446feeaaa0...),low,Review and deduplicate
2038,Duplicate content (hash: e602eb274d4c2b0e...),low,Review and deduplicate
2039,Duplicate content (hash: e602eb274d4c2b0e...),low,Review and deduplicate
2040,Duplicate content (hash: e602eb274d4c2b0e...),low,Review and deduplicate
2041,Duplicate content (hash: e602eb274d4c2b0e...),low,Review and deduplicate
2042,Duplicate content (hash: e602eb274d4c2b0e...),low,Review and deduplicate
2043,Duplicate content (hash: e602eb274d4c2b0e...),low,Review and deduplicate
2044,Duplicate content (hash: e602eb274d4c2b0e...),low,Review and deduplicate
2045,Duplicate content (hash: e602eb274d4c2b0e...),low,Review and deduplicate
2046,Duplicate content (hash: e602eb274d4c2b0e...),low,Review and deduplicate
2047,Duplicate content (hash: e602eb274d4c2b0e...),low,Review and deduplicate
2048,Duplicate content (hash: e602eb274d4c2b0e...),low,Review and deduplicate
2049,Duplicate content (hash: e602eb274d4c2b0e...),low,Review and deduplicate
2050,Duplicate content (hash: e602eb274d4c2b0e...),low,Review and deduplicate
2051,Duplicate content (hash: e602eb274d4c2b0e...),low,Review and deduplicate
2052,Duplicate content (hash: e602eb274d4c2b0e...),low,Review and deduplicate
2053,Duplicate content (hash: e602eb274d4c2b0e...),low,Review and deduplicate
2054,Duplicate content (hash: e602eb274d4c2b0e...),low,Review and deduplicate
2055,Duplicate content (hash: e602eb274d4c2b0e...),low,Review and deduplicate
2056,Duplicate content (hash: e602eb274d4c2b0e...),low,Review and deduplicate
2057,Duplicate content (hash: e602eb274d4c2b0e...),low,Review and deduplicate
2058,Duplicate content (hash: e602eb274d4c2b0e...),low,Review and deduplicate
2059,Duplicate content (hash: e602eb274d4c2b0e...),low,Review and deduplicate
2060,Duplicate content (hash: e602eb274d4c2b0e...),low,Review and deduplicate
2061,Duplicate content (hash: e602eb274d4c2b0e...),low,Review and deduplicate
2062,Duplicate content (hash: e602eb274d4c2b0e...),low,Review and deduplicate
2063,Duplicate content (hash: e602eb274d4c2b0e...),low,Review and deduplicate
2064,Duplicate content (hash: e602eb274d4c2b0e...),low,Review and deduplicate
2065,Duplicate content (hash: e602eb274d4c2b0e...),low,Review and deduplicate
2066,Duplicate content (hash: e602eb274d4c2b0e...),low,Review and deduplicate
2067,Duplicate content (hash: ee1a4fbe43b22ca2...),low,Review and deduplicate
2070,Duplicate content (hash: 0901797edda5e739...),low,Review and deduplicate
2071,Duplicate content (hash: 0901797edda5e739...),low,Review and deduplicate
2072,Duplicate content (hash: 0901797edda5e739...),low,Review and deduplicate
2073,Duplicate content (hash: 0901797edda5e739...),low,Review and deduplicate
2074,Duplicate content (hash: 0901797edda5e739...),low,Review and deduplicate
2075,Duplicate content (hash: 0901797edda5e739...),low,Review and deduplicate
2088,Duplicate content (hash: 3e445c8afe5f1228...),low,Review and deduplicate
2089,Duplicate content (hash: 3e445c8afe5f1228...),low,Review and deduplicate
2090,Duplicate content (hash: 9785e78f0392c513...),low,Review and deduplicate
2091,Duplicate content (hash: 9785e78f0392c513...),low,Review and deduplicate
2092,Duplicate content (hash: 9785e78f0392c513...),low,Review and deduplicate
2093,Duplicate content (hash: 9785e78f0392c513...),low,Review and deduplicate
2094,Duplicate content (hash: 9785e78f0392c513...),low,Review and deduplicate
2095,Duplicate content (hash: 9785e78f0392c513...),low,Review and deduplicate
2096,Duplicate content (hash: 9785e78f0392c513...),low,Review and deduplicate
2097,Duplicate content (hash: 9785e78f0392c513...),low,Review and deduplicate
2100,Duplicate content (hash: 2f078859b99e0a3c...),low,Review and deduplicate
2101,Duplicate content (hash: 2f078859b99e0a3c...),low,Review and deduplicate
2102,Duplicate content (hash: 2f078859b99e0a3c...),low,Review and deduplicate
2103,Duplicate content (hash: 2f078859b99e0a3c...),low,Review and deduplicate
2104,Duplicate content (hash: 2f078859b99e0a3c...),low,Review and deduplicate
2105,Duplicate content (hash: 2f078859b99e0a3c...),low,Review and deduplicate
2106,Duplicate content (hash: 2f078859b99e0a3c...),low,Review and deduplicate
2107,Duplicate content (hash: 2f078859b99e0a3c...),low,Review and deduplicate
2108,Duplicate content (hash: 1bbd80d900d10f7d...),low,Review and deduplicate
2109,Duplicate content (hash: 1bbd80d900d10f7d...),low,Review and deduplicate
2110,Duplicate content (hash: 1bbd80d900d10f7d...),low,Review and deduplicate
2111,Duplicate content (hash: 2f078859b99e0a3c...),low,Review and deduplicate
2113,Duplicate content (hash: 1bbd80d900d10f7d...),low,Review and deduplicate
2114,Duplicate content (hash: 1bbd80d900d10f7d...),low,Review and deduplicate
2115,Duplicate content (hash: 1bbd80d900d10f7d...),low,Review and deduplicate
2116,Duplicate content (hash: 1bbd80d900d10f7d...),low,Review and deduplicate
2124,Duplicate content (hash: ee42ae585d18f766...),low,Review and deduplicate
2125,Duplicate content (hash: ee42ae585d18f766...),low,Review and deduplicate
2126,Duplicate content (hash: ee42ae585d18f766...),low,Review and deduplicate
2127,Duplicate content (hash: ee42ae585d18f766...),low,Review and deduplicate
2128,Duplicate content (hash: ee42ae585d18f766...),low,Review and deduplicate
2129,Duplicate content (hash: ee42ae585d18f766...),low,Review and deduplicate
2130,Duplicate content (hash: ee42ae585d18f766...),low,Review and deduplicate
2131,Duplicate content (hash: ee42ae585d18f766...),low,Review and deduplicate
2133,Duplicate content (hash: 856b7d95d095a90e...),low,Review and deduplicate
2134,Duplicate content (hash: 856b7d95d095a90e...),low,Review and deduplicate
2135,Duplicate content (hash: 856b7d95d095a90e...),low,Review and deduplicate
2136,Duplicate content (hash: 856b7d95d095a90e...),low,Review and deduplicate
2137,Duplicate content (hash: 856b7d95d095a90e...),low,Review and deduplicate
2138,Duplicate content (hash: 856b7d95d095a90e...),low,Review and deduplicate
2139,Duplicate content (hash: 856b7d95d095a90e...),low,Review and deduplicate
2140,Duplicate content (hash: 856b7d95d095a90e...),low,Review and deduplicate
2141,Duplicate content (hash: 856b7d95d095a90e...),low,Review and deduplicate
2142,Duplicate content (hash: 856b7d95d095a90e...),low,Review and deduplicate
2143,Duplicate content (hash: 856b7d95d095a90e...),low,Review and deduplicate
2147,Duplicate content (hash: bac9856b0cfab682...),low,Review and deduplicate
2149,Duplicate content (hash: bac9856b0cfab682...),low,Review and deduplicate
2150,Duplicate content (hash: bac9856b0cfab682...),low,Review and deduplicate
2151,Duplicate content (hash: bac9856b0cfab682...),low,Review and deduplicate
2152,Duplicate content (hash: bac9856b0cfab682...),low,Review and deduplicate
2153,Duplicate content (hash: bac9856b0cfab682...),low,Review and deduplicate
2154,Duplicate content (hash: bac9856b0cfab682...),low,Review and deduplicate
2155,Duplicate content (hash: bac9856b0cfab682...),low,Review and deduplicate
2156,Duplicate content (hash: bac9856b0cfab682...),low,Review and deduplicate
2158,Duplicate content (hash: bac9856b0cfab682...),low,Review and deduplicate
2162,Duplicate content (hash: 3615537712da0049...),low,Review and deduplicate
2163,Duplicate content (hash: 3615537712da0049...),low,Review and deduplicate
2164,Duplicate content (hash: 3615537712da0049...),low,Review and deduplicate
2166,Duplicate content (hash: 3615537712da0049...),low,Review and deduplicate
2171,Duplicate content (hash: 1acb044b79e4a40f...),low,Review and deduplicate
2173,Duplicate content (hash: 384826d59a01aca2...),low,Review and deduplicate
2178,Duplicate content (hash: 2dc6db31db7be13c...),low,Review and deduplicate
2179,Duplicate content (hash: 2dc6db31db7be13c...),low,Review and deduplicate
2180,Duplicate content (hash: 2dc6db31db7be13c...),low,Review and deduplicate
2181,Duplicate content (hash: 2dc6db31db7be13c...),low,Review and deduplicate
2183,Duplicate content (hash: 235fa2a1ea60dd5c...),low,Review and deduplicate
2184,Duplicate content (hash: 235fa2a1ea60dd5c...),low,Review and deduplicate
2185,Duplicate content (hash: 235fa2a1ea60dd5c...),low,Review and deduplicate
2186,Duplicate content (hash: 235fa2a1ea60dd5c...),low,Review and deduplicate
2187,Duplicate content (hash: 235fa2a1ea60dd5c...),low,Review and deduplicate
2188,Duplicate content (hash: 235fa2a1ea60dd5c...),low,Review and deduplicate
2189,Duplicate content (hash: 235fa2a1ea60dd5c...),low,Review and deduplicate
2191,Duplicate content (hash: 235fa2a1ea60dd5c...),low,Review and deduplicate
2192,Duplicate content (hash: d4732e603a3602e1...),low,Review and deduplicate
2193,Duplicate content (hash: d4732e603a3602e1...),low,Review and deduplicate
2194,Duplicate content (hash: d4732e603a3602e1...),low,Review and deduplicate
2195,Duplicate content (hash: d4732e603a3602e1...),low,Review and deduplicate
2196,Duplicate content (hash: d4732e603a3602e1...),low,Review and deduplicate
2197,Duplicate content (hash: d4732e603a3602e1...),low,Review and deduplicate
2198,Duplicate content (hash: d4732e603a3602e1...),low,Review and deduplicate
2199,Duplicate content (hash: d4732e603a3602e1...),low,Review and deduplicate
2200,Duplicate content (hash: d4732e603a3602e1...),low,Review and deduplicate
2201,Duplicate content (hash: d4732e603a3602e1...),low,Review and deduplicate
2202,Duplicate content (hash: d4732e603a3602e1...),low,Review and deduplicate
2203,Duplicate content (hash: d4732e603a3602e1...),low,Review and deduplicate
2204,Duplicate content (hash: d4732e603a3602e1...),low,Review and deduplicate
2205,Duplicate content (hash: d4732e603a3602e1...),low,Review and deduplicate
2207,Duplicate content (hash: 1404a47feacc39db...),low,Review and deduplicate
2208,Duplicate content (hash: 8fc6fad0470747a7...),low,Review and deduplicate
2209,Duplicate content (hash: 93052c42b2cffea4...),low,Review and deduplicate
2210,Duplicate content (hash: 1404a47feacc39db...),low,Review and deduplicate
2211,Duplicate content (hash: 1404a47feacc39db...),low,Review and deduplicate
2212,Duplicate content (hash: 1404a47feacc39db...),low,Review and deduplicate
2213,Duplicate content (hash: 1404a47feacc39db...),low,Review and deduplicate
2214,Duplicate content (hash: 1404a47feacc39db...),low,Review and deduplicate
2215,Duplicate content (hash: e6c924a6253c8e2c...),low,Review and deduplicate
2216,Duplicate content (hash: 1404a47feacc39db...),low,Review and deduplicate
2217,Duplicate content (hash: 1404a47feacc39db...),low,Review and deduplicate
2218,Duplicate content (hash: 1404a47feacc39db...),low,Review and deduplicate
2219,Duplicate content (hash: 1404a47feacc39db...),low,Review and deduplicate
2220,Duplicate content (hash: 1404a47feacc39db...),low,Review and deduplicate
2221,Duplicate content (hash: e6c924a6253c8e2c...),low,Review and deduplicate
2222,Duplicate content (hash: e6c924a6253c8e2c...),low,Review and deduplicate
2223,Duplicate content (hash: e6c924a6253c8e2c...),low,Review and deduplicate
2224,Duplicate content (hash: e6c924a6253c8e2c...),low,Review and deduplicate
2225,Duplicate content (hash: e6c924a6253c8e2c...),low,Review and deduplicate
2226,Duplicate content (hash: e6c924a6253c8e2c...),low,Review and deduplicate
2227,Duplicate content (hash: e6c924a6253c8e2c...),low,Review and deduplicate
2228,Duplicate content (hash: e6c924a6253c8e2c...),low,Review and deduplicate
2230,Duplicate content (hash: 6b05f01d05d5a54a...),low,Review and deduplicate
2231,Duplicate content (hash: 6b05f01d05d5a54a...),low,Review and deduplicate
2232,Duplicate content (hash: 6b05f01d05d5a54a...),low,Review and deduplicate
2233,Duplicate content (hash: 6b05f01d05d5a54a...),low,Review and deduplicate
2234,Duplicate content (hash: 6b05f01d05d5a54a...),low,Review and deduplicate
2235,Duplicate content (hash: 6b05f01d05d5a54a...),low,Review and deduplicate
2236,Duplicate content (hash: 6b05f01d05d5a54a...),low,Review and deduplicate
2237,Duplicate content (hash: 6b05f01d05d5a54a...),low,Review and deduplicate
2238,Duplicate content (hash: 10a132fcd37d2f77...),low,Review and deduplicate
2239,Duplicate content (hash: 10a132fcd37d2f77...),low,Review and deduplicate
2243,Duplicate content (hash: 10a132fcd37d2f77...),low,Review and deduplicate
2244,Duplicate content (hash: 10a132fcd37d2f77...),low,Review and deduplicate
2245,Duplicate content (hash: 10a132fcd37d2f77...),low,Review and deduplicate
2246,Duplicate content (hash: 10a132fcd37d2f77...),low,Review and deduplicate
2247,Duplicate content (hash: 10a132fcd37d2f77...),low,Review and deduplicate
2248,Duplicate content (hash: 6edfc6f230cf5309...),low,Review and deduplicate
2251,Duplicate content (hash: 6edfc6f230cf5309...),low,Review and deduplicate
2252,Duplicate content (hash: 6edfc6f230cf5309...),low,Review and deduplicate
2253,Duplicate content (hash: 6edfc6f230cf5309...),low,Review and deduplicate
2254,Duplicate content (hash: 6edfc6f230cf5309...),low,Review and deduplicate
2255,Duplicate content (hash: 6edfc6f230cf5309...),low,Review and deduplicate
2256,Duplicate content (hash: 6edfc6f230cf5309...),low,Review and deduplicate
2257,Duplicate content (hash: 6edfc6f230cf5309...),low,Review and deduplicate
2259,Duplicate content (hash: 6edfc6f230cf5309...),low,Review and deduplicate
2262,Duplicate content (hash: 6edfc6f230cf5309...),low,Review and deduplicate
2263,Duplicate content (hash: 6edfc6f230cf5309...),low,Review and deduplicate
2264,Duplicate content (hash: 58f93d3330085e45...),low,Review and deduplicate
2265,Duplicate content (hash: 58f93d3330085e45...),low,Review and deduplicate
2266,Duplicate content (hash: 58f93d3330085e45...),low,Review and deduplicate
2267,Duplicate content (hash: 58f93d3330085e45...),low,Review and deduplicate
2268,Duplicate content (hash: 58f93d3330085e45...),low,Review and deduplicate
2269,Duplicate content (hash: 58f93d3330085e45...),low,Review and deduplicate
2270,Duplicate content (hash: 58f93d3330085e45...),low,Review and deduplicate
2271,Duplicate content (hash: 58f93d3330085e45...),low,Review and deduplicate
2272,Duplicate content (hash: 58f93d3330085e45...),low,Review and deduplicate
2274,Duplicate content (hash: 58f93d3330085e45...),low,Review and deduplicate
2286,Duplicate content (hash: 8b0f726626676c02...),low,Review and deduplicate
2287,Duplicate content (hash: 8b0f726626676c02...),low,Review and deduplicate
2296,Duplicate content (hash: 5b4623bfde673c19...),low,Review and deduplicate
2297,Duplicate content (hash: 9df42731aa2f151b...),low,Review and deduplicate
2320,Duplicate content (hash: 5f96db4579aeec46...),low,Review and deduplicate
2321,Duplicate content (hash: 5f96db4579aeec46...),low,Review and deduplicate
2322,Duplicate content (hash: 7f82bb30a5ba00ed...),low,Review and deduplicate
2323,Duplicate content (hash: 27fad3d1e8ef49f1...),low,Review and deduplicate
2324,Duplicate content (hash: 5a96ed11f2cef59c...),low,Review and deduplicate
2325,Duplicate content (hash: eba08cdd6e7a50fb...),low,Review and deduplicate
2326,Duplicate content (hash: 5218b9dccf4b2ce0...),low,Review and deduplicate
2330,Duplicate content (hash: 8aad423435f26eca...),low,Review and deduplicate
2334,Duplicate content (hash: 6684eda922647bb2...),low,Review and deduplicate
2335,Duplicate content (hash: 6684eda922647bb2...),low,Review and deduplicate
2336,Duplicate content (hash: 6684eda922647bb2...),low,Review and deduplicate
2337,Duplicate content (hash: 6684eda922647bb2...),low,Review and deduplicate
2338,Duplicate content (hash: 6684eda922647bb2...),low,Review and deduplicate
2342,Duplicate content (hash: 575f33d28e04230c...),low,Review and deduplicate
2343,Duplicate content (hash: 2c37f22ebc468bfb...),low,Review and deduplicate
2344,Duplicate content (hash: 2c37f22ebc468bfb...),low,Review and deduplicate
2345,Duplicate content (hash: 2c37f22ebc468bfb...),low,Review and deduplicate
2346,Duplicate content (hash: 9ba9f99b8f8caf99...),low,Review and deduplicate
2347,Duplicate content (hash: 8f758c1f9e5dc5f0...),low,Review and deduplicate
2350,Duplicate content (hash: 80379405ad70bed0...),low,Review and deduplicate
2351,Duplicate content (hash: 12ae72e9c12df755...),low,Review and deduplicate
2352,Duplicate content (hash: 52e366c72bd5a855...),low,Review and deduplicate
2356,Duplicate content (hash: 3687e86e684a95f2...),low,Review and deduplicate
2357,Duplicate content (hash: 3687e86e684a95f2...),low,Review and deduplicate
2358,Duplicate content (hash: 3687e86e684a95f2...),low,Review and deduplicate
2359,Duplicate content (hash: 3687e86e684a95f2...),low,Review and deduplicate
2360,Duplicate content (hash: 3687e86e684a95f2...),low,Review and deduplicate
2361,Duplicate content (hash: 605384439825e235...),low,Review and deduplicate
2362,Duplicate content (hash: 605384439825e235...),low,Review and deduplicate
2363,Duplicate content (hash: 3687e86e684a95f2...),low,Review and deduplicate
2364,Duplicate content (hash: ce2b6e8b5aa9203b...),low,Review and deduplicate
2365,Duplicate content (hash: ce2b6e8b5aa9203b...),low,Review and deduplicate
2366,Duplicate content (hash: ce2b6e8b5aa9203b...),low,Review and deduplicate
2367,Duplicate content (hash: 6a6170c691ea9bcd...),low,Review and deduplicate
2368,Duplicate content (hash: 48363b3dab165412...),low,Review and deduplicate
2369,Duplicate content (hash: 6a6170c691ea9bcd...),low,Review and deduplicate
2371,Duplicate content (hash: 6a6170c691ea9bcd...),low,Review and deduplicate
2372,Duplicate content (hash: e54598be1e0ae4e1...),low,Review and deduplicate
2373,Duplicate content (hash: 02a5b289a271f73c...),low,Review and deduplicate
2374,Duplicate content (hash: 02a5b289a271f73c...),low,Review and deduplicate
2376,Duplicate content (hash: dccb42b9dbbc6385...),low,Review and deduplicate
2377,Duplicate content (hash: dccb42b9dbbc6385...),low,Review and deduplicate
2379,Duplicate content (hash: dccb42b9dbbc6385...),low,Review and deduplicate
2382,Duplicate content (hash: 97499fe17fbefbdf...),low,Review and deduplicate
2383,Duplicate content (hash: 97499fe17fbefbdf...),low,Review and deduplicate
2384,Duplicate content (hash: dc096d9102efca19...),low,Review and deduplicate
2386,Duplicate content (hash: dc096d9102efca19...),low,Review and deduplicate
2387,Duplicate content (hash: dc096d9102efca19...),low,Review and deduplicate
2388,Duplicate content (hash: aabd9bdd1f49e388...),low,Review and deduplicate
2389,Duplicate content (hash: aabd9bdd1f49e388...),low,Review and deduplicate
2390,Duplicate content (hash: cb0898d8e50e44eb...),low,Review and deduplicate
2392,Duplicate content (hash: 237632299c067553...),low,Review and deduplicate
2393,Duplicate content (hash: 237632299c067553...),low,Review and deduplicate
2394,Duplicate content (hash: 237632299c067553...),low,Review and deduplicate
2395,Duplicate content (hash: 237632299c067553...),low,Review and deduplicate
2396,Duplicate content (hash: 5d1214833cd6b812...),low,Review and deduplicate
2397,Duplicate content (hash: 5d1214833cd6b812...),low,Review and deduplicate
2398,Duplicate content (hash: 5d1214833cd6b812...),low,Review and deduplicate
2399,Duplicate content (hash: 5d1214833cd6b812...),low,Review and deduplicate
2400,Duplicate content (hash: f662f4d672c6d229...),low,Review and deduplicate
2401,Duplicate content (hash: f662f4d672c6d229...),low,Review and deduplicate
2402,Duplicate content (hash: f662f4d672c6d229...),low,Review and deduplicate
2403,Duplicate content (hash: f662f4d672c6d229...),low,Review and deduplicate
2404,Duplicate content (hash: 432cad8243730007...),low,Review and deduplicate
2405,Duplicate content (hash: f662f4d672c6d229...),low,Review and deduplicate
2406,Duplicate content (hash: f662f4d672c6d229...),low,Review and deduplicate
2407,Duplicate content (hash: 26221248aa6f6d80...),low,Review and deduplicate
2408,Duplicate content (hash: 26221248aa6f6d80...),low,Review and deduplicate
2409,Duplicate content (hash: b2520cb14c55d986...),low,Review and deduplicate
2410,Duplicate content (hash: b2520cb14c55d986...),low,Review and deduplicate
2411,Duplicate content (hash: cab34bc11f46ac61...),low,Review and deduplicate
2412,Duplicate content (hash: cab34bc11f46ac61...),low,Review and deduplicate
2413,Duplicate content (hash: 7a376eff12e30b1a...),low,Review and deduplicate
2414,Duplicate content (hash: 7a376eff12e30b1a...),low,Review and deduplicate
2416,Duplicate content (hash: 1f1ebf1732eaae1a...),low,Review and deduplicate
2417,Duplicate content (hash: 1f1ebf1732eaae1a...),low,Review and deduplicate
2418,Duplicate content (hash: 4d9ecd23ffa8de1e...),low,Review and deduplicate
2419,Duplicate content (hash: 4d9ecd23ffa8de1e...),low,Review and deduplicate
2420,Duplicate content (hash: 63ef3a133b620374...),low,Review and deduplicate
2421,Duplicate content (hash: 63ef3a133b620374...),low,Review and deduplicate
2422,Duplicate content (hash: 7ed3393a2eeb230c...),low,Review and deduplicate
2423,Duplicate content (hash: 7ed3393a2eeb230c...),low,Review and deduplicate
2424,Duplicate content (hash: 0651b301d4320e92...),low,Review and deduplicate
2425,Duplicate content (hash: 0651b301d4320e92...),low,Review and deduplicate
2426,Duplicate content (hash: 0651b301d4320e92...),low,Review and deduplicate
2427,Duplicate content (hash: 781f5990680f6e25...),low,Review and deduplicate
2428,Duplicate content (hash: 781f5990680f6e25...),low,Review and deduplicate
2430,Duplicate content (hash: 529dbe6f8559bb1f...),low,Review and deduplicate
2431,Duplicate content (hash: 529dbe6f8559bb1f...),low,Review and deduplicate
2432,Duplicate content (hash: 529dbe6f8559bb1f...),low,Review and deduplicate
2433,Duplicate content (hash: 529dbe6f8559bb1f...),low,Review and deduplicate
2434,Duplicate content (hash: 68530031fb931dcd...),low,Review and deduplicate
2435,Duplicate content (hash: e3d358bda079c3f7...),low,Review and deduplicate
2436,Duplicate content (hash: dc4bd4acf3d7a788...),low,Review and deduplicate
2437,Duplicate content (hash: e3d358bda079c3f7...),low,Review and deduplicate
2438,Duplicate content (hash: c2345e68921be449...),low,Review and deduplicate
2439,Duplicate content (hash: c2345e68921be449...),low,Review and deduplicate
2440,Duplicate content (hash: 68530031fb931dcd...),low,Review and deduplicate
2441,Duplicate content (hash: 68530031fb931dcd...),low,Review and deduplicate
2442,Duplicate content (hash: 68530031fb931dcd...),low,Review and deduplicate
2443,Duplicate content (hash: dc4bd4acf3d7a788...),low,Review and deduplicate
2444,Duplicate content (hash: dc4bd4acf3d7a788...),low,Review and deduplicate
2445,Duplicate content (hash: 68530031fb931dcd...),low,Review and deduplicate
2446,Duplicate content (hash: 8b6f8150ec7f5b79...),low,Review and deduplicate
2447,Duplicate content (hash: 8b6f8150ec7f5b79...),low,Review and deduplicate
2448,Duplicate content (hash: 8b6f8150ec7f5b79...),low,Review and deduplicate
2449,Duplicate content (hash: 8b6f8150ec7f5b79...),low,Review and deduplicate
2450,Duplicate content (hash: e54598be1e0ae4e1...),low,Review and deduplicate
2451,Duplicate content (hash: 4bde9a5c330db45c...),low,Review and deduplicate
2452,Duplicate content (hash: 8b6f8150ec7f5b79...),low,Review and deduplicate
2453,Duplicate content (hash: 8b6f8150ec7f5b79...),low,Review and deduplicate
2454,Duplicate content (hash: 224d68c06d21c872...),low,Review and deduplicate
2455,Duplicate content (hash: 224d68c06d21c872...),low,Review and deduplicate
2456,Duplicate content (hash: 224d68c06d21c872...),low,Review and deduplicate
2457,Duplicate content (hash: 224d68c06d21c872...),low,Review and deduplicate
2458,Duplicate content (hash: fd87331c44f104a2...),low,Review and deduplicate
2459,Duplicate content (hash: fd87331c44f104a2...),low,Review and deduplicate
2460,Duplicate content (hash: becfaa4aa8bf6c2c...),low,Review and deduplicate
2461,Duplicate content (hash: becfaa4aa8bf6c2c...),low,Review and deduplicate
2462,Duplicate content (hash: 6f33c222da6fbaf2...),low,Review and deduplicate
2463,Duplicate content (hash: affcae0cc100f8d4...),low,Review and deduplicate
2464,Duplicate content (hash: 6f33c222da6fbaf2...),low,Review and deduplicate
2465,Duplicate content (hash: affcae0cc100f8d4...),low,Review and deduplicate
2466,Duplicate content (hash: affcae0cc100f8d4...),low,Review and deduplicate
2467,Duplicate content (hash: affcae0cc100f8d4...),low,Review and deduplicate
2468,Duplicate content (hash: fa7ae1a578d325e6...),low,Review and deduplicate
2469,Duplicate content (hash: fa7ae1a578d325e6...),low,Review and deduplicate
2470,Duplicate content (hash: a6e344414a5e7a1c...),low,Review and deduplicate
2471,Duplicate content (hash: a6e344414a5e7a1c...),low,Review and deduplicate
2472,Duplicate content (hash: a6e344414a5e7a1c...),low,Review and deduplicate
2473,Duplicate content (hash: e5d980e62128584a...),low,Review and deduplicate
2474,Duplicate content (hash: e5d980e62128584a...),low,Review and deduplicate
2475,Duplicate content (hash: c75911d42fac6b09...),low,Review and deduplicate
2476,Duplicate content (hash: c75911d42fac6b09...),low,Review and deduplicate
2477,Duplicate content (hash: 593e3a5c10783ca6...),low,Review and deduplicate
2478,Duplicate content (hash: 593e3a5c10783ca6...),low,Review and deduplicate
2479,Duplicate content (hash: 875f90a7189063ed...),low,Review and deduplicate
2480,Duplicate content (hash: 875f90a7189063ed...),low,Review and deduplicate
2481,Duplicate content (hash: fa250eefdfb6c963...),low,Review and deduplicate
2482,Duplicate content (hash: fa250eefdfb6c963...),low,Review and deduplicate
2483,Duplicate content (hash: 423a2e276a719a39...),low,Review and deduplicate
2484,Duplicate content (hash: fa250eefdfb6c963...),low,Review and deduplicate
2485,Duplicate content (hash: fa250eefdfb6c963...),low,Review and deduplicate
2486,Duplicate content (hash: 423a2e276a719a39...),low,Review and deduplicate
2487,Duplicate content (hash: 423a2e276a719a39...),low,Review and deduplicate
2488,Duplicate content (hash: 423a2e276a719a39...),low,Review and deduplicate
2489,Duplicate content (hash: 423a2e276a719a39...),low,Review and deduplicate
2490,Duplicate content (hash: 1fa9515296790090...),low,Review and deduplicate
2492,Duplicate content (hash: d9fa581f530cfb32...),low,Review and deduplicate
2493,Duplicate content (hash: d9fa581f530cfb32...),low,Review and deduplicate
2494,Duplicate content (hash: d9fa581f530cfb32...),low,Review and deduplicate
2495,Duplicate content (hash: d9fa581f530cfb32...),low,Review and deduplicate
2496,Duplicate content (hash: d9fa581f530cfb32...),low,Review and deduplicate
2497,Duplicate content (hash: b8427797627f6267...),low,Review and deduplicate
2498,Duplicate content (hash: b8427797627f6267...),low,Review and deduplicate
2499,Duplicate content (hash: 4bde9a5c330db45c...),low,Review and deduplicate
2500,Duplicate content (hash: 4bde9a5c330db45c...),low,Review and deduplicate
2501,Duplicate content (hash: 4bde9a5c330db45c...),low,Review and deduplicate
2502,Duplicate content (hash: 4bde9a5c330db45c...),low,Review and deduplicate
2503,Duplicate content (hash: 5702d73a6b1cad9e...),low,Review and deduplicate
2504,Duplicate content (hash: 5702d73a6b1cad9e...),low,Review and deduplicate
2505,Duplicate content (hash: 5702d73a6b1cad9e...),low,Review and deduplicate
2506,Duplicate content (hash: 5702d73a6b1cad9e...),low,Review and deduplicate
2508,Duplicate content (hash: 2f55f21ed00feff0...),low,Review and deduplicate
2510,Duplicate content (hash: 2f55f21ed00feff0...),low,Review and deduplicate
2511,Duplicate content (hash: 2f55f21ed00feff0...),low,Review and deduplicate
2512,Duplicate content (hash: 2f55f21ed00feff0...),low,Review and deduplicate
2513,Duplicate content (hash: c03e7514c5aab80e...),low,Review and deduplicate
2514,Duplicate content (hash: f8b3e47b77fd1167...),low,Review and deduplicate
2515,Duplicate content (hash: f8b3e47b77fd1167...),low,Review and deduplicate
2516,Duplicate content (hash: f8b3e47b77fd1167...),low,Review and deduplicate
2517,Duplicate content (hash: f8b3e47b77fd1167...),low,Review and deduplicate
2518,Duplicate content (hash: c4b0c7613df88628...),low,Review and deduplicate
2519,Duplicate content (hash: c4b0c7613df88628...),low,Review and deduplicate
2520,Duplicate content (hash: d7d6e880c7f4f9c3...),low,Review and deduplicate
2521,Duplicate content (hash: d7d6e880c7f4f9c3...),low,Review and deduplicate
2522,Duplicate content (hash: 61a8af26a3f09999...),low,Review and deduplicate
2523,Duplicate content (hash: 61a8af26a3f09999...),low,Review and deduplicate
2524,Duplicate content (hash: a7bd3b87dde400a9...),low,Review and deduplicate
2525,Duplicate content (hash: 1853a6d261fcc2cf...),low,Review and deduplicate
2526,Duplicate content (hash: 1853a6d261fcc2cf...),low,Review and deduplicate
2527,Duplicate content (hash: 15a6820e0e03c0a6...),low,Review and deduplicate
2528,Duplicate content (hash: cffafcbdbfa81724...),low,Review and deduplicate
2529,Duplicate content (hash: cffafcbdbfa81724...),low,Review and deduplicate
2530,Duplicate content (hash: 26550fd3468bc2cc...),low,Review and deduplicate
2531,Duplicate content (hash: 26550fd3468bc2cc...),low,Review and deduplicate
2532,Duplicate content (hash: 7d3d9760d004c246...),low,Review and deduplicate
2533,Duplicate content (hash: 22dde1fd868f0305...),low,Review and deduplicate
2535,Duplicate content (hash: a9d75dd69d7d0535...),low,Review and deduplicate
2536,Duplicate content (hash: 944c1ea338260c3b...),low,Review and deduplicate
2539,Duplicate content (hash: dc4b9cc722bbc6b0...),low,Review and deduplicate
2540,Duplicate content (hash: dc4b9cc722bbc6b0...),low,Review and deduplicate
2541,Duplicate content (hash: dc4b9cc722bbc6b0...),low,Review and deduplicate
2542,Duplicate content (hash: dc4b9cc722bbc6b0...),low,Review and deduplicate
2543,Duplicate content (hash: adfa047eb679d323...),low,Review and deduplicate
2544,Duplicate content (hash: adfa047eb679d323...),low,Review and deduplicate
2545,Duplicate content (hash: adfa047eb679d323...),low,Review and deduplicate
2546,Duplicate content (hash: adfa047eb679d323...),low,Review and deduplicate
2547,Duplicate content (hash: c055b29aa20c0624...),low,Review and deduplicate
2548,Duplicate content (hash: c055b29aa20c0624...),low,Review and deduplicate
2549,Duplicate content (hash: c055b29aa20c0624...),low,Review and deduplicate
2550,Duplicate content (hash: c055b29aa20c0624...),low,Review and deduplicate
2551,Duplicate content (hash: 32b2b8f1a652d9da...),low,Review and deduplicate
2552,Duplicate content (hash: 32b2b8f1a652d9da...),low,Review and deduplicate
2553,Duplicate content (hash: 32b2b8f1a652d9da...),low,Review and deduplicate
2554,Duplicate content (hash: 32b2b8f1a652d9da...),low,Review and deduplicate
2555,Duplicate content (hash: ded424d61a2003a7...),low,Review and deduplicate
2556,Duplicate content (hash: ded424d61a2003a7...),low,Review and deduplicate
2557,Duplicate content (hash: ded424d61a2003a7...),low,Review and deduplicate
2558,Duplicate content (hash: ded424d61a2003a7...),low,Review and deduplicate
2559,Duplicate content (hash: 2f7ef9ff6cc8df17...),low,Review and deduplicate
2560,Duplicate content (hash: 2f7ef9ff6cc8df17...),low,Review and deduplicate
2561,Duplicate content (hash: ecae44557b2ce469...),low,Review and deduplicate
2562,Duplicate content (hash: ecae44557b2ce469...),low,Review and deduplicate
2564,Duplicate content (hash: 1fa9515296790090...),low,Review and deduplicate
2565,Duplicate content (hash: c055b29aa20c0624...),low,Review and deduplicate
2566,Duplicate content (hash: c055b29aa20c0624...),low,Review and deduplicate
2567,Duplicate content (hash: 2e386afafa97284a...),low,Review and deduplicate
2568,Duplicate content (hash: 2e386afafa97284a...),low,Review and deduplicate
2569,Duplicate content (hash: 55eb7418cbcf8b56...),low,Review and deduplicate
2570,Duplicate content (hash: 55eb7418cbcf8b56...),low,Review and deduplicate
2571,Duplicate content (hash: a755f93cbd6dfc33...),low,Review and deduplicate
2572,Duplicate content (hash: 4de9743bf0b402a4...),low,Review and deduplicate
2573,Duplicate content (hash: a755f93cbd6dfc33...),low,Review and deduplicate
2574,Duplicate content (hash: 4de9743bf0b402a4...),low,Review and deduplicate
2577,Duplicate content (hash: f7fc4ef139c9b668...),low,Review and deduplicate
2601,Duplicate content (hash: 3fa59b748698c840...),low,Review and deduplicate
2602,Duplicate content (hash: 3fa59b748698c840...),low,Review and deduplicate
2603,Duplicate content (hash: 3fa59b748698c840...),low,Review and deduplicate
2604,Duplicate content (hash: 851178e364523c9f...),low,Review and deduplicate
2605,Duplicate content (hash: 77e0eba895af844e...),low,Review and deduplicate
2606,Duplicate content (hash: ca4df9d8d665fd00...),low,Review and deduplicate
2607,Duplicate content (hash: 75dbe91fd6b5e6a7...),low,Review and deduplicate
2608,Duplicate content (hash: 8a376204d30f483e...),low,Review and deduplicate
2609,Duplicate content (hash: 01cc83b29f73e84d...),low,Review and deduplicate
2610,Duplicate content (hash: e0514f91305c8c48...),low,Review and deduplicate
2612,Duplicate content (hash: 7362cc6f678a0d5e...),low,Review and deduplicate
2613,Duplicate content (hash: 1d7622a5eafc5c96...),low,Review and deduplicate
2614,Duplicate content (hash: 1d7622a5eafc5c96...),low,Review and deduplicate
2615,Duplicate content (hash: 1d7622a5eafc5c96...),low,Review and deduplicate
2616,Duplicate content (hash: 1d7622a5eafc5c96...),low,Review and deduplicate
2617,Duplicate content (hash: 1d7622a5eafc5c96...),low,Review and deduplicate
2618,Duplicate content (hash: 1d7622a5eafc5c96...),low,Review and deduplicate
2620,Duplicate content (hash: 3f54309367bdb16e...),low,Review and deduplicate
2621,Duplicate content (hash: 3f54309367bdb16e...),low,Review and deduplicate
2622,Duplicate content (hash: 3f54309367bdb16e...),low,Review and deduplicate
2623,Duplicate content (hash: 3f54309367bdb16e...),low,Review and deduplicate
2624,Duplicate content (hash: 3f54309367bdb16e...),low,Review and deduplicate
2625,Duplicate content (hash: 85d2d62a29cfa58b...),low,Review and deduplicate
2629,Duplicate content (hash: 7fd9a2bb11a22bb1...),low,Review and deduplicate
2630,Duplicate content (hash: 7fd9a2bb11a22bb1...),low,Review and deduplicate
2631,Duplicate content (hash: 7fd9a2bb11a22bb1...),low,Review and deduplicate
2633,Duplicate content (hash: c668bfdfa2a9191e...),low,Review and deduplicate
2634,Duplicate content (hash: c668bfdfa2a9191e...),low,Review and deduplicate
2635,Duplicate content (hash: c668bfdfa2a9191e...),low,Review and deduplicate
2636,Duplicate content (hash: c668bfdfa2a9191e...),low,Review and deduplicate
2637,Duplicate content (hash: c668bfdfa2a9191e...),low,Review and deduplicate
2638,Duplicate content (hash: c668bfdfa2a9191e...),low,Review and deduplicate
2639,Duplicate content (hash: c668bfdfa2a9191e...),low,Review and deduplicate
2640,Duplicate content (hash: c668bfdfa2a9191e...),low,Review and deduplicate
2641,Duplicate content (hash: c668bfdfa2a9191e...),low,Review and deduplicate
2642,Duplicate content (hash: c668bfdfa2a9191e...),low,Review and deduplicate
2643,Duplicate content (hash: 9c2a01d0bf6a1cfc...),low,Review and deduplicate
2644,Duplicate content (hash: 9c2a01d0bf6a1cfc...),low,Review and deduplicate
2645,Duplicate content (hash: 58b50f56a2be39d6...),low,Review and deduplicate
2646,Duplicate content (hash: 58b50f56a2be39d6...),low,Review and deduplicate
2647,Duplicate content (hash: 58b50f56a2be39d6...),low,Review and deduplicate
2648,Duplicate content (hash: 9c2a01d0bf6a1cfc...),low,Review and deduplicate
2649,Duplicate content (hash: 9c2a01d0bf6a1cfc...),low,Review and deduplicate
2650,Duplicate content (hash: 9c2a01d0bf6a1cfc...),low,Review and deduplicate
2651,Duplicate content (hash: 9c2a01d0bf6a1cfc...),low,Review and deduplicate
2652,Duplicate content (hash: 58b50f56a2be39d6...),low,Review and deduplicate
2653,Duplicate content (hash: 58b50f56a2be39d6...),low,Review and deduplicate
2654,Duplicate content (hash: 9c2a01d0bf6a1cfc...),low,Review and deduplicate
2655,Duplicate content (hash: 9c2a01d0bf6a1cfc...),low,Review and deduplicate
2656,Duplicate content (hash: 9c2a01d0bf6a1cfc...),low,Review and deduplicate
2657,Duplicate content (hash: 9c2a01d0bf6a1cfc...),low,Review and deduplicate
2658,Duplicate content (hash: 9c2a01d0bf6a1cfc...),low,Review and deduplicate
2659,Duplicate content (hash: 9c2a01d0bf6a1cfc...),low,Review and deduplicate
2660,Duplicate content (hash: 9c2a01d0bf6a1cfc...),low,Review and deduplicate
2661,Duplicate content (hash: 9c2a01d0bf6a1cfc...),low,Review and deduplicate
2662,Duplicate content (hash: 9c2a01d0bf6a1cfc...),low,Review and deduplicate
2663,Duplicate content (hash: 9c2a01d0bf6a1cfc...),low,Review and deduplicate
2664,Duplicate content (hash: 9c2a01d0bf6a1cfc...),low,Review and deduplicate
2665,Duplicate content (hash: 9c2a01d0bf6a1cfc...),low,Review and deduplicate
2667,Duplicate content (hash: 9c2a01d0bf6a1cfc...),low,Review and deduplicate
2668,Duplicate content (hash: 9c2a01d0bf6a1cfc...),low,Review and deduplicate
2669,Duplicate content (hash: 9c2a01d0bf6a1cfc...),low,Review and deduplicate
2670,Duplicate content (hash: 9c2a01d0bf6a1cfc...),low,Review and deduplicate
2673,Duplicate content (hash: 8f39433eb510191a...),low,Review and deduplicate
2674,Duplicate content (hash: 8f39433eb510191a...),low,Review and deduplicate
2675,Duplicate content (hash: 8f39433eb510191a...),low,Review and deduplicate
2676,Duplicate content (hash: 8f39433eb510191a...),low,Review and deduplicate
2677,Duplicate content (hash: 8f39433eb510191a...),low,Review and deduplicate
2678,Duplicate content (hash: db8e800370ded33e...),low,Review and deduplicate
2679,Duplicate content (hash: db8e800370ded33e...),low,Review and deduplicate
2680,Duplicate content (hash: db8e800370ded33e...),low,Review and deduplicate
2681,Duplicate content (hash: db8e800370ded33e...),low,Review and deduplicate
2682,Duplicate content (hash: db8e800370ded33e...),low,Review and deduplicate
2683,Duplicate content (hash: db8e800370ded33e...),low,Review and deduplicate
2684,Duplicate content (hash: db8e800370ded33e...),low,Review and deduplicate
2685,Duplicate content (hash: db8e800370ded33e...),low,Review and deduplicate
2686,Duplicate content (hash: db8e800370ded33e...),low,Review and deduplicate
2687,Duplicate content (hash: db8e800370ded33e...),low,Review and deduplicate
2688,Duplicate content (hash: db8e800370ded33e...),low,Review and deduplicate
2689,Duplicate content (hash: db8e800370ded33e...),low,Review and deduplicate
2690,Duplicate content (hash: db8e800370ded33e...),low,Review and deduplicate
2691,Duplicate content (hash: db8e800370ded33e...),low,Review and deduplicate
2692,Duplicate content (hash: db8e800370ded33e...),low,Review and deduplicate
2693,Duplicate content (hash: db8e800370ded33e...),low,Review and deduplicate
2694,Duplicate content (hash: db8e800370ded33e...),low,Review and deduplicate
2695,Duplicate content (hash: db8e800370ded33e...),low,Review and deduplicate
2696,Duplicate content (hash: db8e800370ded33e...),low,Review and deduplicate
2697,Duplicate content (hash: db8e800370ded33e...),low,Review and deduplicate
2698,Duplicate content (hash: 2bb4bdb63e31a3fe...),low,Review and deduplicate
2699,Duplicate content (hash: 2bb4bdb63e31a3fe...),low,Review and deduplicate
2700,Duplicate content (hash: 2bb4bdb63e31a3fe...),low,Review and deduplicate
2701,Duplicate content (hash: 2bb4bdb63e31a3fe...),low,Review and deduplicate
2715,Duplicate content (hash: 26f1390fc4210691...),low,Review and deduplicate
2720,Duplicate content (hash: c5c953e28d727d5a...),low,Review and deduplicate
2721,Duplicate content (hash: e0522151fe0f7adf...),low,Review and deduplicate
2722,Duplicate content (hash: bb854b5e852d7b6a...),low,Review and deduplicate
2723,Duplicate content (hash: 2cf164ab4cb701d0...),low,Review and deduplicate
2724,Duplicate content (hash: a755c0eb3df77355...),low,Review and deduplicate
2725,Duplicate content (hash: 1271cabd6d97ff30...),low,Review and deduplicate
2726,Duplicate content (hash: 0ee1af7d4ab61000...),low,Review and deduplicate
2727,Duplicate content (hash: f678c2e9e262a2f5...),low,Review and deduplicate
2728,Duplicate content (hash: 3602c1580b8ce06c...),low,Review and deduplicate
2729,Duplicate content (hash: 7bedbec1824ceb47...),low,Review and deduplicate
2730,Duplicate content (hash: 233b851426b20437...),low,Review and deduplicate
2731,Duplicate content (hash: 95e7b799f480cc04...),low,Review and deduplicate
2732,Duplicate content (hash: ebfbec63bd2216d7...),low,Review and deduplicate
2733,Duplicate content (hash: 02a31a16dbd31da4...),low,Review and deduplicate
2734,Duplicate content (hash: 75dbe91fd6b5e6a7...),low,Review and deduplicate
2735,Duplicate content (hash: e0772b76af57bb07...),low,Review and deduplicate
2737,Duplicate content (hash: af10810adb799edc...),low,Review and deduplicate
2738,Duplicate content (hash: af10810adb799edc...),low,Review and deduplicate
2739,Duplicate content (hash: af10810adb799edc...),low,Review and deduplicate
2740,Duplicate content (hash: af10810adb799edc...),low,Review and deduplicate
2741,Duplicate content (hash: af10810adb799edc...),low,Review and deduplicate
2742,Duplicate content (hash: 522450b25ea63068...),low,Review and deduplicate
2743,Duplicate content (hash: cbb2540a6169614b...),low,Review and deduplicate
2744,Duplicate content (hash: af10810adb799edc...),low,Review and deduplicate
2745,Duplicate content (hash: 522450b25ea63068...),low,Review and deduplicate
2746,Duplicate content (hash: 522450b25ea63068...),low,Review and deduplicate
2747,Duplicate content (hash: 522450b25ea63068...),low,Review and deduplicate
2748,Duplicate content (hash: 522450b25ea63068...),low,Review and deduplicate
2749,Duplicate content (hash: 522450b25ea63068...),low,Review and deduplicate
2751,Duplicate content (hash: 522450b25ea63068...),low,Review and deduplicate
2752,Duplicate content (hash: 744a2f2e0c623f14...),low,Review and deduplicate
2753,Duplicate content (hash: 744a2f2e0c623f14...),low,Review and deduplicate
2754,Duplicate content (hash: 744a2f2e0c623f14...),low,Review and deduplicate
2755,Duplicate content (hash: 744a2f2e0c623f14...),low,Review and deduplicate
2756,Duplicate content (hash: 744a2f2e0c623f14...),low,Review and deduplicate
2757,Duplicate content (hash: 744a2f2e0c623f14...),low,Review and deduplicate
2762,Duplicate content (hash: 744a2f2e0c623f14...),low,Review and deduplicate
2774,Duplicate content (hash: 3ccb06b44e6bd236...),low,Review and deduplicate
2775,Duplicate content (hash: 3ccb06b44e6bd236...),low,Review and deduplicate
2776,Duplicate content (hash: 3ccb06b44e6bd236...),low,Review and deduplicate
2777,Duplicate content (hash: 3ccb06b44e6bd236...),low,Review and deduplicate
2778,Duplicate content (hash: 3ccb06b44e6bd236...),low,Review and deduplicate
2779,Duplicate content (hash: 3ccb06b44e6bd236...),low,Review and deduplicate
2782,Duplicate content (hash: 331b07a48fde692a...),low,Review and deduplicate
2783,Duplicate content (hash: 331b07a48fde692a...),low,Review and deduplicate
2784,Duplicate content (hash: 331b07a48fde692a...),low,Review and deduplicate
2785,Duplicate content (hash: 331b07a48fde692a...),low,Review and deduplicate
2786,Duplicate content (hash: 331b07a48fde692a...),low,Review and deduplicate
2787,Duplicate content (hash: d1b47206866b1e92...),low,Review and deduplicate
2788,Duplicate content (hash: d1b47206866b1e92...),low,Review and deduplicate
2789,Duplicate content (hash: d1b47206866b1e92...),low,Review and deduplicate
2790,Duplicate content (hash: d1b47206866b1e92...),low,Review and deduplicate
2791,Duplicate content (hash: d1b47206866b1e92...),low,Review and deduplicate
2793,Duplicate content (hash: abaca12774d8fd2d...),low,Review and deduplicate
2794,Duplicate content (hash: abaca12774d8fd2d...),low,Review and deduplicate
2795,Duplicate content (hash: abaca12774d8fd2d...),low,Review and deduplicate
2796,Duplicate content (hash: abaca12774d8fd2d...),low,Review and deduplicate
2797,Duplicate content (hash: abaca12774d8fd2d...),low,Review and deduplicate
2798,Duplicate content (hash: 6910b3a4dac80623...),low,Review and deduplicate
2799,Duplicate content (hash: 6910b3a4dac80623...),low,Review and deduplicate
2800,Duplicate content (hash: 6910b3a4dac80623...),low,Review and deduplicate
2801,Duplicate content (hash: 6910b3a4dac80623...),low,Review and deduplicate
2802,Duplicate content (hash: 6910b3a4dac80623...),low,Review and deduplicate
2803,Duplicate content (hash: 6910b3a4dac80623...),low,Review and deduplicate
2810,Duplicate content (hash: 6903be3a294dac43...),low,Review and deduplicate
2811,Duplicate content (hash: 6903be3a294dac43...),low,Review and deduplicate
2812,Duplicate content (hash: 6903be3a294dac43...),low,Review and deduplicate
2813,Duplicate content (hash: 8bb1ecd2b93d27f1...),low,Review and deduplicate
2814,Duplicate content (hash: 8bb1ecd2b93d27f1...),low,Review and deduplicate
2815,Duplicate content (hash: 6903be3a294dac43...),low,Review and deduplicate
2816,Duplicate content (hash: 9c2e946a6f2d94c1...),low,Review and deduplicate
2817,Duplicate content (hash: 9c2e946a6f2d94c1...),low,Review and deduplicate
2818,Duplicate content (hash: 9c2e946a6f2d94c1...),low,Review and deduplicate
2819,Duplicate content (hash: 9c2e946a6f2d94c1...),low,Review and deduplicate
2820,Duplicate content (hash: 9c2e946a6f2d94c1...),low,Review and deduplicate
2821,Duplicate content (hash: 9c2e946a6f2d94c1...),low,Review and deduplicate
2822,Duplicate content (hash: 9c2e946a6f2d94c1...),low,Review and deduplicate
2823,Duplicate content (hash: 9c2e946a6f2d94c1...),low,Review and deduplicate
2824,Duplicate content (hash: 1396489a4e93de3d...),low,Review and deduplicate
2825,Duplicate content (hash: 1396489a4e93de3d...),low,Review and deduplicate
2826,Duplicate content (hash: 1396489a4e93de3d...),low,Review and deduplicate
2827,Duplicate content (hash: 1396489a4e93de3d...),low,Review and deduplicate
2828,Duplicate content (hash: 48363b3dab165412...),low,Review and deduplicate
2829,Duplicate content (hash: 48363b3dab165412...),low,Review and deduplicate
2830,Duplicate content (hash: 3c723ef33d7b748a...),low,Review and deduplicate
2831,Duplicate content (hash: 3c723ef33d7b748a...),low,Review and deduplicate
2832,Duplicate content (hash: 97ec374f360b0b38...),low,Review and deduplicate
2833,Duplicate content (hash: 97ec374f360b0b38...),low,Review and deduplicate
2834,Duplicate content (hash: 59b0a3b4641eb2d7...),low,Review and deduplicate
2835,Duplicate content (hash: 59b0a3b4641eb2d7...),low,Review and deduplicate
2838,Duplicate content (hash: be9d3694c5525490...),low,Review and deduplicate
2839,Duplicate content (hash: be9d3694c5525490...),low,Review and deduplicate
2840,Duplicate content (hash: be9d3694c5525490...),low,Review and deduplicate
2842,Duplicate content (hash: 1f8c7f8c9670fa5a...),low,Review and deduplicate
2843,Duplicate content (hash: 1f8c7f8c9670fa5a...),low,Review and deduplicate
2844,Duplicate content (hash: be9d3694c5525490...),low,Review and deduplicate
2845,Duplicate content (hash: be9d3694c5525490...),low,Review and deduplicate
2846,Duplicate content (hash: be9d3694c5525490...),low,Review and deduplicate
2847,Duplicate content (hash: be9d3694c5525490...),low,Review and deduplicate
2848,Duplicate content (hash: be9d3694c5525490...),low,Review and deduplicate
2849,Duplicate content (hash: be9d3694c5525490...),low,Review and deduplicate
2850,Duplicate content (hash: be9d3694c5525490...),low,Review and deduplicate
2851,Duplicate content (hash: be9d3694c5525490...),low,Review and deduplicate
2852,Duplicate content (hash: be9d3694c5525490...),low,Review and deduplicate
2853,Duplicate content (hash: be9d3694c5525490...),low,Review and deduplicate
2854,Duplicate content (hash: be9d3694c5525490...),low,Review and deduplicate
2855,Duplicate content (hash: be9d3694c5525490...),low,Review and deduplicate
2856,Duplicate content (hash: be9d3694c5525490...),low,Review and deduplicate
2857,Duplicate content (hash: be9d3694c5525490...),low,Review and deduplicate
2858,Duplicate content (hash: be9d3694c5525490...),low,Review and deduplicate
2859,Duplicate content (hash: be9d3694c5525490...),low,Review and deduplicate
2860,Duplicate content (hash: d361a8b87852dc87...),low,Review and deduplicate
2870,Duplicate content (hash: 421f75856598839b...),low,Review and deduplicate
2871,Duplicate content (hash: 421f75856598839b...),low,Review and deduplicate
2872,Duplicate content (hash: 421f75856598839b...),low,Review and deduplicate
2873,Duplicate content (hash: 421f75856598839b...),low,Review and deduplicate
2874,Duplicate content (hash: 421f75856598839b...),low,Review and deduplicate
2875,Duplicate content (hash: 421f75856598839b...),low,Review and deduplicate
2878,Duplicate content (hash: e4c67be96bb0947b...),low,Review and deduplicate
2879,Duplicate content (hash: e4c67be96bb0947b...),low,Review and deduplicate
2881,Duplicate content (hash: c90dd4a40aa5976f...),low,Review and deduplicate
2882,Duplicate content (hash: c90dd4a40aa5976f...),low,Review and deduplicate
2883,Duplicate content (hash: c90dd4a40aa5976f...),low,Review and deduplicate
2886,Duplicate content (hash: c90dd4a40aa5976f...),low,Review and deduplicate
2887,Duplicate content (hash: c90dd4a40aa5976f...),low,Review and deduplicate
2890,Duplicate content (hash: f5cd60d44c5a0ca2...),low,Review and deduplicate
2891,Duplicate content (hash: f5cd60d44c5a0ca2...),low,Review and deduplicate
2892,Duplicate content (hash: f5cd60d44c5a0ca2...),low,Review and deduplicate
2893,Duplicate content (hash: f5cd60d44c5a0ca2...),low,Review and deduplicate
2894,Duplicate content (hash: f5cd60d44c5a0ca2...),low,Review and deduplicate
2895,Duplicate content (hash: f5cd60d44c5a0ca2...),low,Review and deduplicate
2896,Duplicate content (hash: 0f1bd5da546f7ea7...),low,Review and deduplicate
2897,Duplicate content (hash: 0f1bd5da546f7ea7...),low,Review and deduplicate
2898,Duplicate content (hash: 0f1bd5da546f7ea7...),low,Review and deduplicate
2900,Duplicate content (hash: c90dd4a40aa5976f...),low,Review and deduplicate
2902,Duplicate content (hash: 3fdd56f807c31a41...),low,Review and deduplicate
2903,Duplicate content (hash: 3fdd56f807c31a41...),low,Review and deduplicate
2904,Duplicate content (hash: 3fdd56f807c31a41...),low,Review and deduplicate
2905,Duplicate content (hash: 3fdd56f807c31a41...),low,Review and deduplicate
2906,Duplicate content (hash: 3fdd56f807c31a41...),low,Review and deduplicate
2907,Duplicate content (hash: 3fdd56f807c31a41...),low,Review and deduplicate
2908,Duplicate content (hash: ae8375f682aaad3b...),low,Review and deduplicate
2910,Duplicate content (hash: 38fa0ccff2756c2e...),low,Review and deduplicate
2932,Duplicate content (hash: c72381b1417370c0...),low,Review and deduplicate
2972,Duplicate content (hash: c72381b1417370c0...),low,Review and deduplicate
2973,Duplicate content (hash: acfc7bae84ac66eb...),low,Review and deduplicate
2974,Duplicate content (hash: acfc7bae84ac66eb...),low,Review and deduplicate
2975,Duplicate content (hash: acfc7bae84ac66eb...),low,Review and deduplicate
2976,Duplicate content (hash: acfc7bae84ac66eb...),low,Review and deduplicate
2981,Duplicate content (hash: acfc7bae84ac66eb...),low,Review and deduplicate
2982,Duplicate content (hash: acfc7bae84ac66eb...),low,Review and deduplicate
2985,Duplicate content (hash: acfc7bae84ac66eb...),low,Review and deduplicate
2987,Duplicate content (hash: acfc7bae84ac66eb...),low,Review and deduplicate
3012,Duplicate content (hash: c72381b1417370c0...),low,Review and deduplicate
3056,Duplicate content (hash: e25c9e3ee0590fd4...),low,Review and deduplicate
3058,Duplicate content (hash: ef5aafb0aa1fb236...),low,Review and deduplicate
3059,Duplicate content (hash: ef5aafb0aa1fb236...),low,Review and deduplicate
3061,Duplicate content (hash: ea8551649a471932...),low,Review and deduplicate
3063,Duplicate content (hash: ea8551649a471932...),low,Review and deduplicate
3071,Duplicate content (hash: be86c2f8e2c1b2ab...),low,Review and deduplicate
3072,Duplicate content (hash: 9682418c59c4b3e3...),low,Review and deduplicate
3074,Duplicate content (hash: ddb60b7d571808d4...),low,Review and deduplicate
3075,Duplicate content (hash: 439403915942989f...),low,Review and deduplicate
3076,Duplicate content (hash: a3ee3ac60d7159a3...),low,Review and deduplicate
3077,Duplicate content (hash: bd6991b6b8eb453a...),low,Review and deduplicate
3078,Duplicate content (hash: 39dd1fc8a0fa1c0b...),low,Review and deduplicate
3080,Duplicate content (hash: 127ef190aa50c312...),low,Review and deduplicate
3081,Duplicate content (hash: ce969ed89b5c1868...),low,Review and deduplicate
3082,Duplicate content (hash: cc3cba081af639a4...),low,Review and deduplicate
3084,Duplicate content (hash: 8ea0194d6c71cefa...),low,Review and deduplicate
3085,Duplicate content (hash: 3a57b654dbcd9015...),low,Review and deduplicate
3086,Duplicate content (hash: 07a6bbba524f4f8a...),low,Review and deduplicate
3090,Duplicate content (hash: a99026b4896ec638...),low,Review and deduplicate
3091,Duplicate content (hash: 262749e7a1309301...),low,Review and deduplicate
3092,Duplicate content (hash: 262749e7a1309301...),low,Review and deduplicate
3093,Duplicate content (hash: 262749e7a1309301...),low,Review and deduplicate
3095,Duplicate content (hash: 262749e7a1309301...),low,Review and deduplicate
3096,Duplicate content (hash: 262749e7a1309301...),low,Review and deduplicate
3097,Duplicate content (hash: ec4a97ddf8eb3a10...),low,Review and deduplicate
3098,Duplicate content (hash: 5d8b9c3d87766b13...),low,Review and deduplicate
3099,Duplicate content (hash: 1ae232baa24a4e2a...),low,Review and deduplicate
3104,Duplicate content (hash: 7fb955aea1760754...),low,Review and deduplicate
3106,Duplicate content (hash: 1f469681210ba2f8...),low,Review and deduplicate
3107,Duplicate content (hash: 1f469681210ba2f8...),low,Review and deduplicate
3125,Duplicate content (hash: 36752833384aa7fd...),low,Review and deduplicate
3126,Duplicate content (hash: 36752833384aa7fd...),low,Review and deduplicate
3127,Duplicate content (hash: 36752833384aa7fd...),low,Review and deduplicate
3128,Duplicate content (hash: 36752833384aa7fd...),low,Review and deduplicate
3129,Duplicate content (hash: 36752833384aa7fd...),low,Review and deduplicate
3130,Duplicate content (hash: 36752833384aa7fd...),low,Review and deduplicate
3131,Duplicate content (hash: 36752833384aa7fd...),low,Review and deduplicate
3132,Duplicate content (hash: 36752833384aa7fd...),low,Review and deduplicate
3133,Duplicate content (hash: 36752833384aa7fd...),low,Review and deduplicate
3135,Duplicate content (hash: 29e925eda83b7c6c...),low,Review and deduplicate
3136,Duplicate content (hash: dcf2840539f1484b...),low,Review and deduplicate
3137,Duplicate content (hash: dcf2840539f1484b...),low,Review and deduplicate
3138,Duplicate content (hash: 29e925eda83b7c6c...),low,Review and deduplicate
3139,Duplicate content (hash: dcf2840539f1484b...),low,Review and deduplicate
3140,Duplicate content (hash: dcf2840539f1484b...),low,Review and deduplicate
3141,Duplicate content (hash: dcf2840539f1484b...),low,Review and deduplicate
3142,Duplicate content (hash: dcf2840539f1484b...),low,Review and deduplicate
3143,Duplicate content (hash: dcf2840539f1484b...),low,Review and deduplicate
3144,Duplicate content (hash: dcf2840539f1484b...),low,Review and deduplicate
3145,Duplicate content (hash: dcf2840539f1484b...),low,Review and deduplicate
3146,Duplicate content (hash: dcf2840539f1484b...),low,Review and deduplicate
3147,Duplicate content (hash: dcf2840539f1484b...),low,Review and deduplicate
3148,Duplicate content (hash: dcf2840539f1484b...),low,Review and deduplicate
3149,Duplicate content (hash: dcf2840539f1484b...),low,Review and deduplicate
3164,Duplicate content (hash: 29e925eda83b7c6c...),low,Review and deduplicate
3165,Duplicate content (hash: 29e925eda83b7c6c...),low,Review and deduplicate
3166,Duplicate content (hash: dcf2840539f1484b...),low,Review and deduplicate
3172,Duplicate content (hash: dcf2840539f1484b...),low,Review and deduplicate
3173,Duplicate content (hash: dcf2840539f1484b...),low,Review and deduplicate
3174,Duplicate content (hash: dcf2840539f1484b...),low,Review and deduplicate
3236,Duplicate content (hash: 729f956615b62c79...),low,Review and deduplicate
3237,Duplicate content (hash: 4ac300ebc1d7d967...),low,Review and deduplicate
3239,Duplicate content (hash: 26d5d375f1ec7b45...),low,Review and deduplicate
3253,Duplicate content (hash: 2f3e5b9385f7cb58...),low,Review and deduplicate
3254,Duplicate content (hash: 729f956615b62c79...),low,Review and deduplicate
3257,Duplicate content (hash: ecb53d06a68826de...),low,Review and deduplicate
3258,Duplicate content (hash: eff6fb45c5ad97aa...),low,Review and deduplicate
3262,Duplicate content (hash: 16de85c3b4245925...),low,Review and deduplicate
3264,Duplicate content (hash: 4df63a93517caa67...),low,Review and deduplicate
3266,Duplicate content (hash: 365254c1f4c5d613...),low,Review and deduplicate
3267,Duplicate content (hash: 365254c1f4c5d613...),low,Review and deduplicate
3268,Duplicate content (hash: 365254c1f4c5d613...),low,Review and deduplicate
3269,Duplicate content (hash: 365254c1f4c5d613...),low,Review and deduplicate
3270,Duplicate content (hash: 365254c1f4c5d613...),low,Review and deduplicate
3271,Duplicate content (hash: 365254c1f4c5d613...),low,Review and deduplicate
3273,Duplicate content (hash: 155f41a694e97e9f...),low,Review and deduplicate
3274,Duplicate content (hash: 808591749d39ba86...),low,Review and deduplicate
3275,Duplicate content (hash: 808591749d39ba86...),low,Review and deduplicate
3276,Duplicate content (hash: b09c3fed55a99c04...),low,Review and deduplicate
3277,Duplicate content (hash: 7fb955aea1760754...),low,Review and deduplicate
3280,Duplicate content (hash: 815f7c0f196f771c...),low,Review and deduplicate
3281,Duplicate content (hash: 5b02f22440bc7f8b...),low,Review and deduplicate
3282,Duplicate content (hash: eff6fb45c5ad97aa...),low,Review and deduplicate
3287,Duplicate content (hash: ecb53d06a68826de...),low,Review and deduplicate
3292,Duplicate content (hash: 4e51afc0c630914d...),low,Review and deduplicate
3293,Duplicate content (hash: 4e51afc0c630914d...),low,Review and deduplicate
3296,Duplicate content (hash: 22324b08de0546fe...),low,Review and deduplicate
3297,Duplicate content (hash: 250ad5f6dc3dce30...),low,Review and deduplicate
3299,Duplicate content (hash: a321271411f12f28...),low,Review and deduplicate
3300,Duplicate content (hash: 965ac1bf5d1ba0b1...),low,Review and deduplicate
3302,Duplicate content (hash: 22324b08de0546fe...),low,Review and deduplicate
3304,Duplicate content (hash: c5567a535d3256a9...),low,Review and deduplicate
3312,Duplicate content (hash: 8ce403744a28ae10...),low,Review and deduplicate
3313,Duplicate content (hash: 8c8f816be5b3b28c...),low,Review and deduplicate
3315,Duplicate content (hash: 8c8f816be5b3b28c...),low,Review and deduplicate
3316,Duplicate content (hash: 8c8f816be5b3b28c...),low,Review and deduplicate
3317,Duplicate content (hash: 8c8f816be5b3b28c...),low,Review and deduplicate
3319,Duplicate content (hash: 11d1150738e9ac15...),low,Review and deduplicate
3320,Duplicate content (hash: 11d1150738e9ac15...),low,Review and deduplicate
3321,Duplicate content (hash: e11c32468dcd518b...),low,Review and deduplicate
3324,Duplicate content (hash: d2286d5f5c26cddb...),low,Review and deduplicate
3326,Duplicate content (hash: 365254c1f4c5d613...),low,Review and deduplicate
3339,Duplicate content (hash: 8ce403744a28ae10...),low,Review and deduplicate
3354,Duplicate content (hash: 16de85c3b4245925...),low,Review and deduplicate
3360,Duplicate content (hash: e9026fe9429ea3cb...),low,Review and deduplicate
3361,Duplicate content (hash: e9026fe9429ea3cb...),low,Review and deduplicate
3362,Duplicate content (hash: e9026fe9429ea3cb...),low,Review and deduplicate
3363,Duplicate content (hash: e9026fe9429ea3cb...),low,Review and deduplicate
3364,Duplicate content (hash: 29145806b7100a1c...),low,Review and deduplicate
3365,Duplicate content (hash: e9026fe9429ea3cb...),low,Review and deduplicate
3366,Duplicate content (hash: e9026fe9429ea3cb...),low,Review and deduplicate
3368,Duplicate content (hash: 19a0352e3aa738d7...),low,Review and deduplicate
3369,Duplicate content (hash: b09c3fed55a99c04...),low,Review and deduplicate
3370,Duplicate content (hash: 19a0352e3aa738d7...),low,Review and deduplicate
3371,Duplicate content (hash: 56f881dd08db3458...),low,Review and deduplicate
3372,Duplicate content (hash: 74b35881c4c24386...),low,Review and deduplicate
3377,Duplicate content (hash: cb0898d8e50e44eb...),low,Review and deduplicate
3378,Duplicate content (hash: cb0898d8e50e44eb...),low,Review and deduplicate
3383,Duplicate content (hash: 5ae2a359edd07561...),low,Review and deduplicate
3384,Duplicate content (hash: 5ae2a359edd07561...),low,Review and deduplicate
3385,Duplicate content (hash: 5ae2a359edd07561...),low,Review and deduplicate
3386,Duplicate content (hash: 5ae2a359edd07561...),low,Review and deduplicate
3387,Duplicate content (hash: 5ae2a359edd07561...),low,Review and deduplicate
3388,Duplicate content (hash: 5ae2a359edd07561...),low,Review and deduplicate
3389,Duplicate content (hash: 5ae2a359edd07561...),low,Review and deduplicate
3390,Duplicate content (hash: 5ae2a359edd07561...),low,Review and deduplicate
3391,Duplicate content (hash: 5ae2a359edd07561...),low,Review and deduplicate
3392,Duplicate content (hash: 5ae2a359edd07561...),low,Review and deduplicate
3393,Duplicate content (hash: 5ae2a359edd07561...),low,Review and deduplicate
3394,Duplicate content (hash: 5ae2a359edd07561...),low,Review and deduplicate
3395,Duplicate content (hash: 5ae2a359edd07561...),low,Review and deduplicate
3396,Duplicate content (hash: 5ae2a359edd07561...),low,Review and deduplicate
3397,Duplicate content (hash: 5ae2a359edd07561...),low,Review and deduplicate
3398,Duplicate content (hash: 5ae2a359edd07561...),low,Review and deduplicate
3401,Duplicate content (hash: b95156c2e5b51133...),low,Review and deduplicate
3418,Duplicate content (hash: c14081e035b2c7d0...),low,Review and deduplicate
3419,Duplicate content (hash: fde9272cc54675ca...),low,Review and deduplicate
3420,Duplicate content (hash: cf209b8fab7cd298...),low,Review and deduplicate
3421,Duplicate content (hash: 4969acf828646e17...),low,Review and deduplicate
3422,Duplicate content (hash: 183cde485998bbde...),low,Review and deduplicate
3425,Duplicate content (hash: 7428803aea9f86a3...),low,Review and deduplicate
3426,Duplicate content (hash: 5e322fe76e8bb6f9...),low,Review and deduplicate
3427,Duplicate content (hash: 98f0eb8c0252223e...),low,Review and deduplicate
3428,Duplicate content (hash: 0f5541aa7202b290...),low,Review and deduplicate
3429,Duplicate content (hash: cc2daf1eb0eb39bb...),low,Review and deduplicate
3430,Duplicate content (hash: 8c01f29680a57c5b...),low,Review and deduplicate
3431,Duplicate content (hash: 4fe36d2f2669816c...),low,Review and deduplicate
3432,Duplicate content (hash: 183cde485998bbde...),low,Review and deduplicate
3433,Duplicate content (hash: a6450fb03d19d6d4...),low,Review and deduplicate
3434,Duplicate content (hash: 052f9a1c9daa9c1e...),low,Review and deduplicate
3435,Duplicate content (hash: b6516c7b7d1b8bbe...),low,Review and deduplicate
3436,Duplicate content (hash: e0c5fbda3f2bec0c...),low,Review and deduplicate
3437,Duplicate content (hash: fde9272cc54675ca...),low,Review and deduplicate
3438,Duplicate content (hash: fde9272cc54675ca...),low,Review and deduplicate
3439,Duplicate content (hash: 4fe36d2f2669816c...),low,Review and deduplicate
3440,Duplicate content (hash: c19debb940897d2e...),low,Review and deduplicate
3441,Duplicate content (hash: 052f9a1c9daa9c1e...),low,Review and deduplicate
3442,Duplicate content (hash: c5ede82eef358d66...),low,Review and deduplicate
3443,Duplicate content (hash: f0053f10ee267af5...),low,Review and deduplicate
3444,Duplicate content (hash: 98f0eb8c0252223e...),low,Review and deduplicate
3446,Duplicate content (hash: fde9272cc54675ca...),low,Review and deduplicate
3447,Duplicate content (hash: 8e1e361e79d30899...),low,Review and deduplicate
3448,Duplicate content (hash: e5f467bcf693cd1d...),low,Review and deduplicate
3449,Duplicate content (hash: fde9272cc54675ca...),low,Review and deduplicate
3455,Duplicate content (hash: 40603494b0c732e0...),low,Review and deduplicate
3459,Duplicate content (hash: 95b9c2990f92f7d0...),low,Review and deduplicate
3460,Duplicate content (hash: c0bcb25745d2f83c...),low,Review and deduplicate
3461,Duplicate content (hash: fde9272cc54675ca...),low,Review and deduplicate
3462,Duplicate content (hash: cf209b8fab7cd298...),low,Review and deduplicate
3463,Duplicate content (hash: 4969acf828646e17...),low,Review and deduplicate
3464,Duplicate content (hash: 183cde485998bbde...),low,Review and deduplicate
3465,Duplicate content (hash: 183cde485998bbde...),low,Review and deduplicate
3467,Duplicate content (hash: 183cde485998bbde...),low,Review and deduplicate
3468,Duplicate content (hash: 7428803aea9f86a3...),low,Review and deduplicate
3469,Duplicate content (hash: cc2daf1eb0eb39bb...),low,Review and deduplicate
3470,Duplicate content (hash: 5ecafba1287292a0...),low,Review and deduplicate
3471,Duplicate content (hash: 183cde485998bbde...),low,Review and deduplicate
3472,Duplicate content (hash: ed6c46b4434043ba...),low,Review and deduplicate
3473,Duplicate content (hash: 54d4d2ad8f7aa0e5...),low,Review and deduplicate
3475,Duplicate content (hash: 183cde485998bbde...),low,Review and deduplicate
3483,Duplicate content (hash: 5d876891ef8779c1...),low,Review and deduplicate
3486,Duplicate content (hash: 95b9c2990f92f7d0...),low,Review and deduplicate
3491,Duplicate content (hash: b00ba84820825793...),low,Review and deduplicate
3493,Duplicate content (hash: 5ecafba1287292a0...),low,Review and deduplicate
3494,Duplicate content (hash: a380d01467b552ef...),low,Review and deduplicate
3495,Duplicate content (hash: f0053f10ee267af5...),low,Review and deduplicate
3499,Duplicate content (hash: c14081e035b2c7d0...),low,Review and deduplicate
3501,Duplicate content (hash: 23df93423bacbb99...),low,Review and deduplicate
3502,Duplicate content (hash: ed6c46b4434043ba...),low,Review and deduplicate
3503,Duplicate content (hash: c14081e035b2c7d0...),low,Review and deduplicate
3504,Duplicate content (hash: 6c269fa1ee62696f...),low,Review and deduplicate
3505,Duplicate content (hash: c5ede82eef358d66...),low,Review and deduplicate
3506,Duplicate content (hash: c19debb940897d2e...),low,Review and deduplicate
3507,Duplicate content (hash: c0bcb25745d2f83c...),low,Review and deduplicate
3508,Duplicate content (hash: c19beeb5dba39b29...),low,Review and deduplicate
3509,Duplicate content (hash: 5e322fe76e8bb6f9...),low,Review and deduplicate
3510,Duplicate content (hash: 8c01f29680a57c5b...),low,Review and deduplicate
3513,Duplicate content (hash: 183cde485998bbde...),low,Review and deduplicate
3514,Duplicate content (hash: fde9272cc54675ca...),low,Review and deduplicate
3515,Duplicate content (hash: c19beeb5dba39b29...),low,Review and deduplicate
3516,Duplicate content (hash: 3e18faad7e3a632c...),low,Review and deduplicate
3517,Duplicate content (hash: 93d7dd2e9f9243ed...),low,Review and deduplicate
3519,Duplicate content (hash: 0f5541aa7202b290...),low,Review and deduplicate
3520,Duplicate content (hash: e5f467bcf693cd1d...),low,Review and deduplicate
3521,Duplicate content (hash: 54d4d2ad8f7aa0e5...),low,Review and deduplicate
3522,Duplicate content (hash: 40603494b0c732e0...),low,Review and deduplicate
3523,Duplicate content (hash: cf209b8fab7cd298...),low,Review and deduplicate
3524,Duplicate content (hash: b6516c7b7d1b8bbe...),low,Review and deduplicate
3525,Duplicate content (hash: b00ba84820825793...),low,Review and deduplicate
3526,Duplicate content (hash: 3e18faad7e3a632c...),low,Review and deduplicate
3527,Duplicate content (hash: 6c269fa1ee62696f...),low,Review and deduplicate
3530,Duplicate content (hash: c263d317028a3707...),low,Review and deduplicate
3536,Duplicate content (hash: cf209b8fab7cd298...),low,Review and deduplicate
3537,Duplicate content (hash: cf209b8fab7cd298...),low,Review and deduplicate
3539,Duplicate content (hash: 4969acf828646e17...),low,Review and deduplicate
3540,Duplicate content (hash: 5d876891ef8779c1...),low,Review and deduplicate
3541,Duplicate content (hash: a6450fb03d19d6d4...),low,Review and deduplicate
3542,Duplicate content (hash: 4969acf828646e17...),low,Review and deduplicate
3544,Duplicate content (hash: 8e1e361e79d30899...),low,Review and deduplicate
3545,Duplicate content (hash: 4969acf828646e17...),low,Review and deduplicate
3546,Duplicate content (hash: a380d01467b552ef...),low,Review and deduplicate
3547,Duplicate content (hash: e0c5fbda3f2bec0c...),low,Review and deduplicate
3548,Duplicate content (hash: 93d7dd2e9f9243ed...),low,Review and deduplicate
3549,Duplicate content (hash: 23df93423bacbb99...),low,Review and deduplicate
3550,Duplicate content (hash: c263d317028a3707...),low,Review and deduplicate
3558,Duplicate content (hash: b95156c2e5b51133...),low,Review and deduplicate
3559,Duplicate content (hash: b95156c2e5b51133...),low,Review and deduplicate
3600,Duplicate content (hash: 8b2aa935e522f285...),low,Review and deduplicate
3601,Duplicate content (hash: 8b2aa935e522f285...),low,Review and deduplicate
3612,Duplicate content (hash: 434535d42e511ba8...),low,Review and deduplicate
3613,Duplicate content (hash: 434535d42e511ba8...),low,Review and deduplicate
3620,Duplicate content (hash: aca1928fe9d2d4b9...),low,Review and deduplicate
3621,Duplicate content (hash: aca1928fe9d2d4b9...),low,Review and deduplicate
3622,Duplicate content (hash: aca1928fe9d2d4b9...),low,Review and deduplicate
3623,Duplicate content (hash: 3d0c84ae5f0d1be0...),low,Review and deduplicate
3624,Duplicate content (hash: 3d0c84ae5f0d1be0...),low,Review and deduplicate
3625,Duplicate content (hash: 6e4f74e26d204998...),low,Review and deduplicate
3626,Duplicate content (hash: 96c78adb8d942374...),low,Review and deduplicate
3627,Duplicate content (hash: 6e4f74e26d204998...),low,Review and deduplicate
3628,Duplicate content (hash: 6e4f74e26d204998...),low,Review and deduplicate
3629,Duplicate content (hash: 4b9e6c34728b6bd6...),low,Review and deduplicate
3630,Duplicate content (hash: 4b9e6c34728b6bd6...),low,Review and deduplicate
3631,Duplicate content (hash: 4b9e6c34728b6bd6...),low,Review and deduplicate
3633,Duplicate content (hash: 80f6aa3bf8a83d99...),low,Review and deduplicate
3634,Duplicate content (hash: 80f6aa3bf8a83d99...),low,Review and deduplicate
3635,Duplicate content (hash: 80f6aa3bf8a83d99...),low,Review and deduplicate
3636,Duplicate content (hash: 434535d42e511ba8...),low,Review and deduplicate
3637,Duplicate content (hash: f480992a512c87f7...),low,Review and deduplicate
3638,Duplicate content (hash: f480992a512c87f7...),low,Review and deduplicate
3639,Duplicate content (hash: 78eac5207991d8ed...),low,Review and deduplicate
3641,Duplicate content (hash: 702e93e0570a4bfc...),low,Review and deduplicate
3642,Duplicate content (hash: 78eac5207991d8ed...),low,Review and deduplicate
3643,Duplicate content (hash: 474ec969d86012f8...),low,Review and deduplicate
3644,Duplicate content (hash: 474ec969d86012f8...),low,Review and deduplicate
3645,Duplicate content (hash: 474ec969d86012f8...),low,Review and deduplicate
3646,Duplicate content (hash: 1df92103d3a581a9...),low,Review and deduplicate
3647,Duplicate content (hash: 1df92103d3a581a9...),low,Review and deduplicate
3648,Duplicate content (hash: 1f7df01455172c3a...),low,Review and deduplicate
3649,Duplicate content (hash: 1f7df01455172c3a...),low,Review and deduplicate
3650,Duplicate content (hash: 1df92103d3a581a9...),low,Review and deduplicate
3651,Duplicate content (hash: 1f7df01455172c3a...),low,Review and deduplicate
3652,Duplicate content (hash: f167596bd2a741db...),low,Review and deduplicate
3653,Duplicate content (hash: f167596bd2a741db...),low,Review and deduplicate
3654,Duplicate content (hash: f167596bd2a741db...),low,Review and deduplicate
3655,Duplicate content (hash: 9907c2cea16a6d01...),low,Review and deduplicate
3656,Duplicate content (hash: 9907c2cea16a6d01...),low,Review and deduplicate
3657,Duplicate content (hash: 9907c2cea16a6d01...),low,Review and deduplicate
3659,Duplicate content (hash: fb0b4d7d81cd25a5...),low,Review and deduplicate
3660,Duplicate content (hash: fb0b4d7d81cd25a5...),low,Review and deduplicate
3661,Duplicate content (hash: fb0b4d7d81cd25a5...),low,Review and deduplicate
3663,Duplicate content (hash: 003b665440d2737e...),low,Review and deduplicate
3665,Duplicate content (hash: 003b665440d2737e...),low,Review and deduplicate
3666,Duplicate content (hash: 003b665440d2737e...),low,Review and deduplicate
3667,Duplicate content (hash: 003b665440d2737e...),low,Review and deduplicate
3669,Duplicate content (hash: ec04d14dd26e0103...),low,Review and deduplicate
3670,Duplicate content (hash: ec04d14dd26e0103...),low,Review and deduplicate
3671,Duplicate content (hash: ec04d14dd26e0103...),low,Review and deduplicate
